"","c1","c2","distance"
"88",9107,9109,707
"175",9107,9110,718
"176",9109,9110,200
"262",9107,9111,741
"263",9109,9111,650
"264",9110,9111,662
"349",9107,9112,440
"350",9109,9112,712
"351",9110,9112,722
"352",9111,9112,725
"436",9107,9113,464
"437",9109,9113,752
"438",9110,9113,754
"439",9111,9113,769
"440",9112,9113,217
"523",9107,9121,1296
"524",9109,9121,1260
"525",9110,9121,1268
"526",9111,9121,1262
"527",9112,9121,1277
"528",9113,9121,1291
"610",9107,9123,1308
"611",9109,9123,1272
"612",9110,9123,1279
"613",9111,9123,1276
"614",9112,9123,1294
"615",9113,9123,1306
"616",9121,9123,146
"697",9107,9129,1265
"698",9109,9129,1222
"699",9110,9129,1227
"700",9111,9129,1225
"701",9112,9129,1245
"702",9113,9129,1270
"703",9121,9129,880
"704",9123,9129,912
"784",9107,9130,1281
"785",9109,9130,1251
"786",9110,9130,1259
"787",9111,9130,1253
"788",9112,9130,1275
"789",9113,9130,1295
"790",9121,9130,926
"791",9123,9130,935
"792",9129,9130,398
"871",9107,9131,1272
"872",9109,9131,1244
"873",9110,9131,1246
"874",9111,9131,1232
"875",9112,9131,1252
"876",9113,9131,1265
"877",9121,9131,864
"878",9123,9131,886
"879",9129,9131,368
"880",9130,9131,354
"958",9107,9132,1303
"959",9109,9132,1262
"960",9110,9132,1264
"961",9111,9132,1268
"962",9112,9132,1307
"963",9113,9132,1320
"964",9121,9132,909
"965",9123,9132,928
"966",9129,9132,541
"967",9130,9132,563
"968",9131,9132,570
"1045",9107,9133,1259
"1046",9109,9133,1231
"1047",9110,9133,1231
"1048",9111,9133,1237
"1049",9112,9133,1258
"1050",9113,9133,1278
"1051",9121,9133,903
"1052",9123,9133,909
"1053",9129,9133,95
"1054",9130,9133,394
"1055",9131,9133,388
"1056",9132,9133,531
"1132",9107,9134,1271
"1133",9109,9134,1243
"1134",9110,9134,1240
"1135",9111,9134,1232
"1136",9112,9134,1270
"1137",9113,9134,1281
"1138",9121,9134,899
"1139",9123,9134,923
"1140",9129,9134,403
"1141",9130,9134,266
"1142",9131,9134,341
"1143",9132,9134,581
"1144",9133,9134,404
"1219",9107,9135,1278
"1220",9109,9135,1244
"1221",9110,9135,1247
"1222",9111,9135,1247
"1223",9112,9135,1279
"1224",9113,9135,1285
"1225",9121,9135,907
"1226",9123,9135,925
"1227",9129,9135,402
"1228",9130,9135,353
"1229",9131,9135,359
"1230",9132,9135,559
"1231",9133,9135,389
"1232",9134,9135,365
"1306",9107,9145,1254
"1307",9109,9145,1209
"1308",9110,9145,1221
"1309",9111,9145,1227
"1310",9112,9145,1263
"1311",9113,9145,1271
"1312",9121,9145,947
"1313",9123,9145,968
"1314",9129,9145,913
"1315",9130,9145,961
"1316",9131,9145,939
"1317",9132,9145,942
"1318",9133,9145,928
"1319",9134,9145,948
"1320",9135,9145,946
"1393",9107,9146,1247
"1394",9109,9146,1212
"1395",9110,9146,1221
"1396",9111,9146,1227
"1397",9112,9146,1261
"1398",9113,9146,1272
"1399",9121,9146,939
"1400",9123,9146,950
"1401",9129,9146,895
"1402",9130,9146,940
"1403",9131,9146,924
"1404",9132,9146,933
"1405",9133,9146,909
"1406",9134,9146,923
"1407",9135,9146,935
"1408",9145,9146,297
"1480",9107,9147,1230
"1481",9109,9147,1204
"1482",9110,9147,1197
"1483",9111,9147,1188
"1484",9112,9147,1234
"1485",9113,9147,1254
"1486",9121,9147,925
"1487",9123,9147,956
"1488",9129,9147,903
"1489",9130,9147,938
"1490",9131,9147,915
"1491",9132,9147,942
"1492",9133,9147,915
"1493",9134,9147,914
"1494",9135,9147,932
"1495",9145,9147,677
"1496",9146,9147,666
"1567",9107,9148,1238
"1568",9109,9148,1231
"1569",9110,9148,1228
"1570",9111,9148,1217
"1571",9112,9148,1240
"1572",9113,9148,1249
"1573",9121,9148,920
"1574",9123,9148,944
"1575",9129,9148,891
"1576",9130,9148,938
"1577",9131,9148,902
"1578",9132,9148,936
"1579",9133,9148,908
"1580",9134,9148,906
"1581",9135,9148,939
"1582",9145,9148,602
"1583",9146,9148,582
"1584",9147,9148,640
"1654",9107,9149,1257
"1655",9109,9149,1221
"1656",9110,9149,1224
"1657",9111,9149,1231
"1658",9112,9149,1274
"1659",9113,9149,1283
"1660",9121,9149,970
"1661",9123,9149,969
"1662",9129,9149,940
"1663",9130,9149,947
"1664",9131,9149,949
"1665",9132,9149,952
"1666",9133,9149,915
"1667",9134,9149,944
"1668",9135,9149,938
"1669",9145,9149,349
"1670",9146,9149,337
"1671",9147,9149,695
"1672",9148,9149,621
"1741",9107,9150,1238
"1742",9109,9150,1208
"1743",9110,9150,1206
"1744",9111,9150,1221
"1745",9112,9150,1234
"1746",9113,9150,1252
"1747",9121,9150,942
"1748",9123,9150,961
"1749",9129,9150,910
"1750",9130,9150,929
"1751",9131,9150,924
"1752",9132,9150,931
"1753",9133,9150,901
"1754",9134,9150,918
"1755",9135,9150,924
"1756",9145,9150,667
"1757",9146,9150,669
"1758",9147,9150,538
"1759",9148,9150,646
"1760",9149,9150,679
"1828",9107,9163,1294
"1829",9109,9163,1275
"1830",9110,9163,1284
"1831",9111,9163,1281
"1832",9112,9163,1280
"1833",9113,9163,1303
"1834",9121,9163,990
"1835",9123,9163,1015
"1836",9129,9163,987
"1837",9130,9163,1024
"1838",9131,9163,987
"1839",9132,9163,1019
"1840",9133,9163,995
"1841",9134,9163,1016
"1842",9135,9163,1015
"1843",9145,9163,756
"1844",9146,9163,756
"1845",9147,9163,734
"1846",9148,9163,718
"1847",9149,9163,777
"1848",9150,9163,746
"1915",9107,9164,1320
"1916",9109,9164,1307
"1917",9110,9164,1311
"1918",9111,9164,1318
"1919",9112,9164,1336
"1920",9113,9164,1338
"1921",9121,9164,1038
"1922",9123,9164,1060
"1923",9129,9164,1009
"1924",9130,9164,1048
"1925",9131,9164,1021
"1926",9132,9164,1045
"1927",9133,9164,1014
"1928",9134,9164,1036
"1929",9135,9164,1044
"1930",9145,9164,709
"1931",9146,9164,701
"1932",9147,9164,766
"1933",9148,9164,675
"1934",9149,9164,725
"1935",9150,9164,773
"1936",9163,9164,691
"2002",9107,9165,1331
"2003",9109,9165,1307
"2004",9110,9165,1313
"2005",9111,9165,1325
"2006",9112,9165,1328
"2007",9113,9165,1342
"2008",9121,9165,1030
"2009",9123,9165,1052
"2010",9129,9165,1011
"2011",9130,9165,1039
"2012",9131,9165,1005
"2013",9132,9165,1051
"2014",9133,9165,1024
"2015",9134,9165,1035
"2016",9135,9165,1046
"2017",9145,9165,796
"2018",9146,9165,794
"2019",9147,9165,664
"2020",9148,9165,788
"2021",9149,9165,815
"2022",9150,9165,674
"2023",9163,9165,692
"2024",9164,9165,700
"2089",9107,9167,1317
"2090",9109,9167,1281
"2091",9110,9167,1287
"2092",9111,9167,1301
"2093",9112,9167,1302
"2094",9113,9167,1320
"2095",9121,9167,991
"2096",9123,9167,1018
"2097",9129,9167,971
"2098",9130,9167,1005
"2099",9131,9167,973
"2100",9132,9167,1011
"2101",9133,9167,982
"2102",9134,9167,997
"2103",9135,9167,1012
"2104",9145,9167,759
"2105",9146,9167,752
"2106",9147,9167,630
"2107",9148,9167,736
"2108",9149,9167,781
"2109",9150,9167,641
"2110",9163,9167,662
"2111",9164,9167,688
"2112",9165,9167,193
"2176",9107,9171,1297
"2177",9109,9171,1276
"2178",9110,9171,1280
"2179",9111,9171,1280
"2180",9112,9171,1313
"2181",9113,9171,1317
"2182",9121,9171,1019
"2183",9123,9171,1042
"2184",9129,9171,972
"2185",9130,9171,1023
"2186",9131,9171,997
"2187",9132,9171,1011
"2188",9133,9171,979
"2189",9134,9171,1008
"2190",9135,9171,1020
"2191",9145,9171,671
"2192",9146,9171,674
"2193",9147,9171,743
"2194",9148,9171,651
"2195",9149,9171,697
"2196",9150,9171,749
"2197",9163,9171,657
"2198",9164,9171,366
"2199",9165,9171,688
"2200",9167,9171,660
"2263",9107,9173,1309
"2264",9109,9173,1294
"2265",9110,9173,1293
"2266",9111,9173,1298
"2267",9112,9173,1311
"2268",9113,9173,1323
"2269",9121,9173,1020
"2270",9123,9173,1040
"2271",9129,9173,1008
"2272",9130,9173,1052
"2273",9131,9173,999
"2274",9132,9173,1034
"2275",9133,9173,1007
"2276",9134,9173,1038
"2277",9135,9173,1046
"2278",9145,9173,683
"2279",9146,9173,692
"2280",9147,9173,773
"2281",9148,9173,697
"2282",9149,9173,711
"2283",9150,9173,771
"2284",9163,9173,685
"2285",9164,9173,624
"2286",9165,9173,703
"2287",9167,9173,689
"2288",9171,9173,595
"2350",9107,9178,1332
"2351",9109,9178,1300
"2352",9110,9178,1306
"2353",9111,9178,1304
"2354",9112,9178,1336
"2355",9113,9178,1356
"2356",9121,9178,1030
"2357",9123,9178,1046
"2358",9129,9178,1006
"2359",9130,9178,1039
"2360",9131,9178,1020
"2361",9132,9178,1035
"2362",9133,9178,1006
"2363",9134,9178,1031
"2364",9135,9178,1049
"2365",9145,9178,795
"2366",9146,9178,787
"2367",9147,9178,778
"2368",9148,9178,746
"2369",9149,9178,799
"2370",9150,9178,775
"2371",9163,9178,475
"2372",9164,9178,688
"2373",9165,9178,726
"2374",9167,9178,697
"2375",9171,9178,667
"2376",9173,9178,726
"2437",9107,9182,1309
"2438",9109,9182,1289
"2439",9110,9182,1288
"2440",9111,9182,1298
"2441",9112,9182,1324
"2442",9113,9182,1330
"2443",9121,9182,1019
"2444",9123,9182,1039
"2445",9129,9182,980
"2446",9130,9182,1025
"2447",9131,9182,1000
"2448",9132,9182,1012
"2449",9133,9182,984
"2450",9134,9182,1010
"2451",9135,9182,1017
"2452",9145,9182,683
"2453",9146,9182,678
"2454",9147,9182,732
"2455",9148,9182,525
"2456",9149,9182,707
"2457",9150,9182,743
"2458",9163,9182,667
"2459",9164,9182,575
"2460",9165,9182,685
"2461",9167,9182,669
"2462",9171,9182,578
"2463",9173,9182,612
"2464",9178,9182,688
"2524",9107,9183,1293
"2525",9109,9183,1267
"2526",9110,9183,1270
"2527",9111,9183,1285
"2528",9112,9183,1287
"2529",9113,9183,1301
"2530",9121,9183,977
"2531",9123,9183,1002
"2532",9129,9183,954
"2533",9130,9183,1003
"2534",9131,9183,952
"2535",9132,9183,998
"2536",9133,9183,961
"2537",9134,9183,992
"2538",9135,9183,995
"2539",9145,9183,645
"2540",9146,9183,654
"2541",9147,9183,742
"2542",9148,9183,648
"2543",9149,9183,666
"2544",9150,9183,744
"2545",9163,9183,638
"2546",9164,9183,591
"2547",9165,9183,657
"2548",9167,9183,642
"2549",9171,9183,570
"2550",9173,9183,559
"2551",9178,9183,678
"2552",9182,9183,577
"2611",9107,9184,1311
"2612",9109,9184,1284
"2613",9110,9184,1281
"2614",9111,9184,1297
"2615",9112,9184,1321
"2616",9113,9184,1335
"2617",9121,9184,1003
"2618",9123,9184,1025
"2619",9129,9184,965
"2620",9130,9184,1017
"2621",9131,9184,988
"2622",9132,9184,1008
"2623",9133,9184,971
"2624",9134,9184,999
"2625",9135,9184,999
"2626",9145,9184,658
"2627",9146,9184,659
"2628",9147,9184,743
"2629",9148,9184,647
"2630",9149,9184,667
"2631",9150,9184,746
"2632",9163,9184,661
"2633",9164,9184,583
"2634",9165,9184,695
"2635",9167,9184,663
"2636",9171,9184,550
"2637",9173,9184,566
"2638",9178,9184,672
"2639",9182,9184,579
"2640",9183,9184,364
"2698",9107,9185,1289
"2699",9109,9185,1262
"2700",9110,9185,1261
"2701",9111,9185,1278
"2702",9112,9185,1305
"2703",9113,9185,1320
"2704",9121,9185,991
"2705",9123,9185,1018
"2706",9129,9185,951
"2707",9130,9185,1003
"2708",9131,9185,969
"2709",9132,9185,995
"2710",9133,9185,958
"2711",9134,9185,988
"2712",9135,9185,990
"2713",9145,9185,640
"2714",9146,9185,636
"2715",9147,9185,714
"2716",9148,9185,628
"2717",9149,9185,657
"2718",9150,9185,717
"2719",9163,9185,638
"2720",9164,9185,563
"2721",9165,9185,653
"2722",9167,9185,645
"2723",9171,9185,542
"2724",9173,9185,554
"2725",9178,9185,652
"2726",9182,9185,538
"2727",9183,9185,351
"2728",9184,9185,251
"2785",9107,9186,1291
"2786",9109,9186,1278
"2787",9110,9186,1278
"2788",9111,9186,1292
"2789",9112,9186,1292
"2790",9113,9186,1308
"2791",9121,9186,986
"2792",9123,9186,1010
"2793",9129,9186,962
"2794",9130,9186,1015
"2795",9131,9186,969
"2796",9132,9186,1008
"2797",9133,9186,963
"2798",9134,9186,1000
"2799",9135,9186,1013
"2800",9145,9186,662
"2801",9146,9186,671
"2802",9147,9186,748
"2803",9148,9186,655
"2804",9149,9186,680
"2805",9150,9186,743
"2806",9163,9186,651
"2807",9164,9186,600
"2808",9165,9186,662
"2809",9167,9186,647
"2810",9171,9186,568
"2811",9173,9186,564
"2812",9178,9186,696
"2813",9182,9186,574
"2814",9183,9186,279
"2815",9184,9186,390
"2816",9185,9186,359
"2872",9107,9187,1303
"2873",9109,9187,1279
"2874",9110,9187,1283
"2875",9111,9187,1290
"2876",9112,9187,1317
"2877",9113,9187,1329
"2878",9121,9187,1001
"2879",9123,9187,1026
"2880",9129,9187,963
"2881",9130,9187,1016
"2882",9131,9187,983
"2883",9132,9187,1008
"2884",9133,9187,966
"2885",9134,9187,1004
"2886",9135,9187,996
"2887",9145,9187,670
"2888",9146,9187,668
"2889",9147,9187,753
"2890",9148,9187,666
"2891",9149,9187,685
"2892",9150,9187,764
"2893",9163,9187,652
"2894",9164,9187,571
"2895",9165,9187,687
"2896",9167,9187,678
"2897",9171,9187,558
"2898",9173,9187,566
"2899",9178,9187,654
"2900",9182,9187,579
"2901",9183,9187,379
"2902",9184,9187,272
"2903",9185,9187,255
"2904",9186,9187,398
"2959",9107,9188,1311
"2960",9109,9188,1276
"2961",9110,9188,1273
"2962",9111,9188,1285
"2963",9112,9188,1331
"2964",9113,9188,1342
"2965",9121,9188,1030
"2966",9123,9188,1050
"2967",9129,9188,993
"2968",9130,9188,1042
"2969",9131,9188,1020
"2970",9132,9188,1026
"2971",9133,9188,997
"2972",9134,9188,1020
"2973",9135,9188,1037
"2974",9145,9188,708
"2975",9146,9188,704
"2976",9147,9188,733
"2977",9148,9188,541
"2978",9149,9188,718
"2979",9150,9188,763
"2980",9163,9188,679
"2981",9164,9188,613
"2982",9165,9188,706
"2983",9167,9188,689
"2984",9171,9188,590
"2985",9173,9188,618
"2986",9178,9188,689
"2987",9182,9188,324
"2988",9183,9188,592
"2989",9184,9188,594
"2990",9185,9188,575
"2991",9186,9188,595
"2992",9187,9188,592
"3046",9107,9189,1268
"3047",9109,9189,1236
"3048",9110,9189,1237
"3049",9111,9189,1249
"3050",9112,9189,1279
"3051",9113,9189,1286
"3052",9121,9189,953
"3053",9123,9189,978
"3054",9129,9189,916
"3055",9130,9189,969
"3056",9131,9189,932
"3057",9132,9189,958
"3058",9133,9189,925
"3059",9134,9189,947
"3060",9135,9189,957
"3061",9145,9189,595
"3062",9146,9189,598
"3063",9147,9189,680
"3064",9148,9189,599
"3065",9149,9189,616
"3066",9150,9189,695
"3067",9163,9189,618
"3068",9164,9189,551
"3069",9165,9189,662
"3070",9167,9189,634
"3071",9171,9189,520
"3072",9173,9189,536
"3073",9178,9189,646
"3074",9182,9189,530
"3075",9183,9189,211
"3076",9184,9189,330
"3077",9185,9189,320
"3078",9186,9189,285
"3079",9187,9189,340
"3080",9188,9189,550
"3133",9107,9190,1318
"3134",9109,9190,1282
"3135",9110,9190,1289
"3136",9111,9190,1296
"3137",9112,9190,1319
"3138",9113,9190,1341
"3139",9121,9190,1009
"3140",9123,9190,1033
"3141",9129,9190,988
"3142",9130,9190,1031
"3143",9131,9190,1007
"3144",9132,9190,1029
"3145",9133,9190,994
"3146",9134,9190,1016
"3147",9135,9190,1020
"3148",9145,9190,759
"3149",9146,9190,765
"3150",9147,9190,334
"3151",9148,9190,750
"3152",9149,9190,788
"3153",9150,9190,639
"3154",9163,9190,665
"3155",9164,9190,665
"3156",9165,9190,583
"3157",9167,9190,573
"3158",9171,9190,657
"3159",9173,9190,690
"3160",9178,9190,683
"3161",9182,9190,649
"3162",9183,9190,660
"3163",9184,9190,668
"3164",9185,9190,644
"3165",9186,9190,680
"3166",9187,9190,655
"3167",9188,9190,666
"3168",9189,9190,621
"3220",9107,9191,1337
"3221",9109,9191,1310
"3222",9110,9191,1319
"3223",9111,9191,1333
"3224",9112,9191,1333
"3225",9113,9191,1349
"3226",9121,9191,1036
"3227",9123,9191,1060
"3228",9129,9191,1016
"3229",9130,9191,1041
"3230",9131,9191,1016
"3231",9132,9191,1059
"3232",9133,9191,1024
"3233",9134,9191,1038
"3234",9135,9191,1058
"3235",9145,9191,813
"3236",9146,9191,812
"3237",9147,9191,692
"3238",9148,9191,791
"3239",9149,9191,827
"3240",9150,9191,698
"3241",9163,9191,708
"3242",9164,9191,719
"3243",9165,9191,191
"3244",9167,9191,217
"3245",9171,9191,701
"3246",9173,9191,715
"3247",9178,9191,733
"3248",9182,9191,705
"3249",9183,9191,686
"3250",9184,9191,696
"3251",9185,9191,689
"3252",9186,9191,701
"3253",9187,9191,701
"3254",9188,9191,712
"3255",9189,9191,674
"3256",9190,9191,598
"3307",9107,9193,1324
"3308",9109,9193,1304
"3309",9110,9193,1307
"3310",9111,9193,1303
"3311",9112,9193,1315
"3312",9113,9193,1331
"3313",9121,9193,1024
"3314",9123,9193,1048
"3315",9129,9193,1020
"3316",9130,9193,1048
"3317",9131,9193,1025
"3318",9132,9193,1060
"3319",9133,9193,1026
"3320",9134,9193,1046
"3321",9135,9193,1056
"3322",9145,9193,816
"3323",9146,9193,806
"3324",9147,9193,786
"3325",9148,9193,778
"3326",9149,9193,817
"3327",9150,9193,787
"3328",9163,9193,475
"3329",9164,9193,698
"3330",9165,9193,720
"3331",9167,9193,704
"3332",9171,9193,682
"3333",9173,9193,702
"3334",9178,9193,274
"3335",9182,9193,702
"3336",9183,9193,673
"3337",9184,9193,680
"3338",9185,9193,672
"3339",9186,9193,684
"3340",9187,9193,676
"3341",9188,9193,715
"3342",9189,9193,670
"3343",9190,9193,693
"3344",9191,9193,737
"3394",9107,9201,1309
"3395",9109,9201,1277
"3396",9110,9201,1284
"3397",9111,9201,1293
"3398",9112,9201,1317
"3399",9113,9201,1326
"3400",9121,9201,1007
"3401",9123,9201,1027
"3402",9129,9201,978
"3403",9130,9201,1020
"3404",9131,9201,990
"3405",9132,9201,1014
"3406",9133,9201,982
"3407",9134,9201,1009
"3408",9135,9201,1010
"3409",9145,9201,751
"3410",9146,9201,752
"3411",9147,9201,640
"3412",9148,9201,727
"3413",9149,9201,768
"3414",9150,9201,528
"3415",9163,9201,667
"3416",9164,9201,672
"3417",9165,9201,582
"3418",9167,9201,573
"3419",9171,9201,655
"3420",9173,9201,689
"3421",9178,9201,672
"3422",9182,9201,661
"3423",9183,9201,656
"3424",9184,9201,647
"3425",9185,9201,623
"3426",9186,9201,656
"3427",9187,9201,644
"3428",9188,9201,672
"3429",9189,9201,618
"3430",9190,9201,551
"3431",9191,9201,607
"3432",9193,9201,701
"3481",9107,9204,1340
"3482",9109,9204,1317
"3483",9110,9204,1313
"3484",9111,9204,1323
"3485",9112,9204,1355
"3486",9113,9204,1357
"3487",9121,9204,1056
"3488",9123,9204,1078
"3489",9129,9204,1028
"3490",9130,9204,1063
"3491",9131,9204,1039
"3492",9132,9204,1058
"3493",9133,9204,1026
"3494",9134,9204,1048
"3495",9135,9204,1058
"3496",9145,9204,714
"3497",9146,9204,712
"3498",9147,9204,790
"3499",9148,9204,717
"3500",9149,9204,737
"3501",9150,9204,793
"3502",9163,9204,726
"3503",9164,9204,619
"3504",9165,9204,745
"3505",9167,9204,734
"3506",9171,9204,616
"3507",9173,9204,297
"3508",9178,9204,729
"3509",9182,9204,618
"3510",9183,9204,599
"3511",9184,9204,575
"3512",9185,9204,569
"3513",9186,9204,610
"3514",9187,9204,568
"3515",9188,9204,635
"3516",9189,9204,548
"3517",9190,9204,708
"3518",9191,9204,759
"3519",9193,9204,730
"3520",9201,9204,707
"3568",9107,9205,1363
"3569",9109,9205,1333
"3570",9110,9205,1334
"3571",9111,9205,1345
"3572",9112,9205,1358
"3573",9113,9205,1363
"3574",9121,9205,1055
"3575",9123,9205,1071
"3576",9129,9205,1039
"3577",9130,9205,1074
"3578",9131,9205,1040
"3579",9132,9205,1069
"3580",9133,9205,1041
"3581",9134,9205,1056
"3582",9135,9205,1078
"3583",9145,9205,727
"3584",9146,9205,729
"3585",9147,9205,818
"3586",9148,9205,736
"3587",9149,9205,747
"3588",9150,9205,820
"3589",9163,9205,732
"3590",9164,9205,632
"3591",9165,9205,727
"3592",9167,9205,710
"3593",9171,9205,619
"3594",9173,9205,306
"3595",9178,9205,756
"3596",9182,9205,635
"3597",9183,9205,587
"3598",9184,9205,591
"3599",9185,9205,579
"3600",9186,9205,589
"3601",9187,9205,598
"3602",9188,9205,649
"3603",9189,9205,573
"3604",9190,9205,724
"3605",9191,9205,749
"3606",9193,9205,731
"3607",9201,9205,721
"3608",9204,9205,344
"3655",9107,9208,1298
"3656",9109,9208,1275
"3657",9110,9208,1275
"3658",9111,9208,1294
"3659",9112,9208,1316
"3660",9113,9208,1323
"3661",9121,9208,994
"3662",9123,9208,1019
"3663",9129,9208,968
"3664",9130,9208,1014
"3665",9131,9208,991
"3666",9132,9208,1010
"3667",9133,9208,975
"3668",9134,9208,996
"3669",9135,9208,1008
"3670",9145,9208,687
"3671",9146,9208,681
"3672",9147,9208,727
"3673",9148,9208,516
"3674",9149,9208,708
"3675",9150,9208,732
"3676",9163,9208,660
"3677",9164,9208,564
"3678",9165,9208,687
"3679",9167,9208,670
"3680",9171,9208,573
"3681",9173,9208,593
"3682",9178,9208,661
"3683",9182,9208,290
"3684",9183,9208,568
"3685",9184,9208,569
"3686",9185,9208,542
"3687",9186,9208,581
"3688",9187,9208,567
"3689",9188,9208,316
"3690",9189,9208,522
"3691",9190,9208,634
"3692",9191,9208,696
"3693",9193,9208,694
"3694",9201,9208,632
"3695",9204,9208,611
"3696",9205,9208,620
"3742",9107,9213,1341
"3743",9109,9213,1312
"3744",9110,9213,1318
"3745",9111,9213,1320
"3746",9112,9213,1348
"3747",9113,9213,1364
"3748",9121,9213,991
"3749",9123,9213,1003
"3750",9129,9213,492
"3751",9130,9213,428
"3752",9131,9213,446
"3753",9132,9213,671
"3754",9133,9213,504
"3755",9134,9213,430
"3756",9135,9213,463
"3757",9145,9213,1035
"3758",9146,9213,1024
"3759",9147,9213,1015
"3760",9148,9213,1011
"3761",9149,9213,1044
"3762",9150,9213,1006
"3763",9163,9213,951
"3764",9164,9213,966
"3765",9165,9213,963
"3766",9167,9213,955
"3767",9171,9213,940
"3768",9173,9213,952
"3769",9178,9213,960
"3770",9182,9213,943
"3771",9183,9213,926
"3772",9184,9213,935
"3773",9185,9213,922
"3774",9186,9213,947
"3775",9187,9213,912
"3776",9188,9213,950
"3777",9189,9213,897
"3778",9190,9213,938
"3779",9191,9213,966
"3780",9193,9213,969
"3781",9201,9213,925
"3782",9204,9213,971
"3783",9205,9213,990
"3784",9208,9213,937
"3829",9107,9214,1308
"3830",9109,9214,1286
"3831",9110,9214,1288
"3832",9111,9214,1303
"3833",9112,9214,1297
"3834",9113,9214,1316
"3835",9121,9214,989
"3836",9123,9214,1010
"3837",9129,9214,974
"3838",9130,9214,1016
"3839",9131,9214,973
"3840",9132,9214,1008
"3841",9133,9214,983
"3842",9134,9214,1000
"3843",9135,9214,1012
"3844",9145,9214,680
"3845",9146,9214,680
"3846",9147,9214,742
"3847",9148,9214,651
"3848",9149,9214,707
"3849",9150,9214,734
"3850",9163,9214,649
"3851",9164,9214,604
"3852",9165,9214,675
"3853",9167,9214,653
"3854",9171,9214,574
"3855",9173,9214,574
"3856",9178,9214,668
"3857",9182,9214,584
"3858",9183,9214,559
"3859",9184,9214,575
"3860",9185,9214,559
"3861",9186,9214,570
"3862",9187,9214,575
"3863",9188,9214,591
"3864",9189,9214,540
"3865",9190,9214,651
"3866",9191,9214,684
"3867",9193,9214,673
"3868",9201,9214,655
"3869",9204,9214,619
"3870",9205,9214,618
"3871",9208,9214,577
"3872",9213,9214,949
"3916",9107,9215,1315
"3917",9109,9215,1285
"3918",9110,9215,1292
"3919",9111,9215,1294
"3920",9112,9215,1312
"3921",9113,9215,1331
"3922",9121,9215,1033
"3923",9123,9215,1055
"3924",9129,9215,997
"3925",9130,9215,1039
"3926",9131,9215,1024
"3927",9132,9215,1039
"3928",9133,9215,1000
"3929",9134,9215,1036
"3930",9135,9215,1041
"3931",9145,9215,786
"3932",9146,9215,777
"3933",9147,9215,764
"3934",9148,9215,750
"3935",9149,9215,789
"3936",9150,9215,771
"3937",9163,9215,469
"3938",9164,9215,691
"3939",9165,9215,722
"3940",9167,9215,704
"3941",9171,9215,669
"3942",9173,9215,721
"3943",9178,9215,259
"3944",9182,9215,681
"3945",9183,9215,679
"3946",9184,9215,672
"3947",9185,9215,646
"3948",9186,9215,692
"3949",9187,9215,670
"3950",9188,9215,693
"3951",9189,9215,650
"3952",9190,9215,676
"3953",9191,9215,737
"3954",9193,9215,280
"3955",9201,9215,675
"3956",9204,9215,724
"3957",9205,9215,748
"3958",9208,9215,677
"3959",9213,9215,952
"3960",9214,9215,678
"4003",9107,9218,1314
"4004",9109,9218,1289
"4005",9110,9218,1295
"4006",9111,9218,1306
"4007",9112,9218,1336
"4008",9113,9218,1340
"4009",9121,9218,1033
"4010",9123,9218,1060
"4011",9129,9218,996
"4012",9130,9218,1045
"4013",9131,9218,1011
"4014",9132,9218,1042
"4015",9133,9218,1007
"4016",9134,9218,1027
"4017",9135,9218,1044
"4018",9145,9218,695
"4019",9146,9218,695
"4020",9147,9218,771
"4021",9148,9218,676
"4022",9149,9218,718
"4023",9150,9218,779
"4024",9163,9218,697
"4025",9164,9218,356
"4026",9165,9218,703
"4027",9167,9218,690
"4028",9171,9218,284
"4029",9173,9218,625
"4030",9178,9218,691
"4031",9182,9218,604
"4032",9183,9218,591
"4033",9184,9218,578
"4034",9185,9218,564
"4035",9186,9218,595
"4036",9187,9218,576
"4037",9188,9218,612
"4038",9189,9218,558
"4039",9190,9218,683
"4040",9191,9218,717
"4041",9193,9218,716
"4042",9201,9218,678
"4043",9204,9218,628
"4044",9205,9218,645
"4045",9208,9218,591
"4046",9213,9218,965
"4047",9214,9218,611
"4048",9215,9218,698
"4090",9107,9219,1353
"4091",9109,9219,1330
"4092",9110,9219,1336
"4093",9111,9219,1338
"4094",9112,9219,1346
"4095",9113,9219,1354
"4096",9121,9219,1040
"4097",9123,9219,1063
"4098",9129,9219,1036
"4099",9130,9219,1077
"4100",9131,9219,1033
"4101",9132,9219,1068
"4102",9133,9219,1043
"4103",9134,9219,1061
"4104",9135,9219,1065
"4105",9145,9219,746
"4106",9146,9219,747
"4107",9147,9219,799
"4108",9148,9219,710
"4109",9149,9219,760
"4110",9150,9219,792
"4111",9163,9219,708
"4112",9164,9219,660
"4113",9165,9219,754
"4114",9167,9219,715
"4115",9171,9219,656
"4116",9173,9219,646
"4117",9178,9219,739
"4118",9182,9219,637
"4119",9183,9219,629
"4120",9184,9219,640
"4121",9185,9219,617
"4122",9186,9219,645
"4123",9187,9219,629
"4124",9188,9219,656
"4125",9189,9219,610
"4126",9190,9219,724
"4127",9191,9219,746
"4128",9193,9219,734
"4129",9201,9219,726
"4130",9204,9219,684
"4131",9205,9219,678
"4132",9208,9219,632
"4133",9213,9219,1004
"4134",9214,9219,458
"4135",9215,9219,736
"4136",9218,9219,659
"4177",9107,9223,1317
"4178",9109,9223,1283
"4179",9110,9223,1288
"4180",9111,9223,1306
"4181",9112,9223,1322
"4182",9113,9223,1336
"4183",9121,9223,1017
"4184",9123,9223,1045
"4185",9129,9223,1005
"4186",9130,9223,1022
"4187",9131,9223,1011
"4188",9132,9223,1029
"4189",9133,9223,1006
"4190",9134,9223,1023
"4191",9135,9223,1019
"4192",9145,9223,768
"4193",9146,9223,776
"4194",9147,9223,364
"4195",9148,9223,755
"4196",9149,9223,782
"4197",9150,9223,653
"4198",9163,9223,676
"4199",9164,9223,674
"4200",9165,9223,596
"4201",9167,9223,593
"4202",9171,9223,672
"4203",9173,9223,700
"4204",9178,9223,689
"4205",9182,9223,664
"4206",9183,9223,664
"4207",9184,9223,667
"4208",9185,9223,642
"4209",9186,9223,680
"4210",9187,9223,660
"4211",9188,9223,680
"4212",9189,9223,632
"4213",9190,9223,256
"4214",9191,9223,609
"4215",9193,9223,698
"4216",9201,9223,562
"4217",9204,9223,719
"4218",9205,9223,725
"4219",9208,9223,650
"4220",9213,9223,945
"4221",9214,9223,667
"4222",9215,9223,684
"4223",9218,9223,693
"4224",9219,9223,723
"4264",9107,9227,1332
"4265",9109,9227,1301
"4266",9110,9227,1310
"4267",9111,9227,1308
"4268",9112,9227,1335
"4269",9113,9227,1350
"4270",9121,9227,984
"4271",9123,9227,985
"4272",9129,9227,490
"4273",9130,9227,418
"4274",9131,9227,450
"4275",9132,9227,665
"4276",9133,9227,492
"4277",9134,9227,414
"4278",9135,9227,464
"4279",9145,9227,1025
"4280",9146,9227,1004
"4281",9147,9227,1008
"4282",9148,9227,999
"4283",9149,9227,1030
"4284",9150,9227,995
"4285",9163,9227,963
"4286",9164,9227,966
"4287",9165,9227,974
"4288",9167,9227,967
"4289",9171,9227,957
"4290",9173,9227,980
"4291",9178,9227,956
"4292",9182,9227,951
"4293",9183,9227,939
"4294",9184,9227,948
"4295",9185,9227,936
"4296",9186,9227,956
"4297",9187,9227,932
"4298",9188,9227,956
"4299",9189,9227,920
"4300",9190,9227,942
"4301",9191,9227,976
"4302",9193,9227,982
"4303",9201,9227,943
"4304",9204,9227,987
"4305",9205,9227,1000
"4306",9208,9227,939
"4307",9213,9227,234
"4308",9214,9227,955
"4309",9215,9227,971
"4310",9218,9227,968
"4311",9219,9227,1016
"4312",9223,9227,946
"4351",9107,9230,1351
"4352",9109,9230,1307
"4353",9110,9230,1313
"4354",9111,9230,1325
"4355",9112,9230,1340
"4356",9113,9230,1350
"4357",9121,9230,285
"4358",9123,9230,311
"4359",9129,9230,954
"4360",9130,9230,980
"4361",9131,9230,940
"4362",9132,9230,963
"4363",9133,9230,964
"4364",9134,9230,973
"4365",9135,9230,980
"4366",9145,9230,1011
"4367",9146,9230,998
"4368",9147,9230,990
"4369",9148,9230,968
"4370",9149,9230,1026
"4371",9150,9230,994
"4372",9163,9230,921
"4373",9164,9230,965
"4374",9165,9230,961
"4375",9167,9230,930
"4376",9171,9230,952
"4377",9173,9230,952
"4378",9178,9230,955
"4379",9182,9230,944
"4380",9183,9230,904
"4381",9184,9230,931
"4382",9185,9230,918
"4383",9186,9230,913
"4384",9187,9230,927
"4385",9188,9230,962
"4386",9189,9230,890
"4387",9190,9230,935
"4388",9191,9230,964
"4389",9193,9230,956
"4390",9201,9230,947
"4391",9204,9230,984
"4392",9205,9230,992
"4393",9208,9230,925
"4394",9213,9230,944
"4395",9214,9230,922
"4396",9215,9230,966
"4397",9218,9230,971
"4398",9219,9230,981
"4399",9223,9230,938
"4400",9227,9230,910
"4438",9107,9231,1292
"4439",9109,9231,1270
"4440",9110,9231,1282
"4441",9111,9231,1271
"4442",9112,9231,1282
"4443",9113,9231,1302
"4444",9121,9231,986
"4445",9123,9231,1000
"4446",9129,9231,979
"4447",9130,9231,1011
"4448",9131,9231,973
"4449",9132,9231,1010
"4450",9133,9231,991
"4451",9134,9231,993
"4452",9135,9231,1012
"4453",9145,9231,755
"4454",9146,9231,742
"4455",9147,9231,737
"4456",9148,9231,708
"4457",9149,9231,770
"4458",9150,9231,735
"4459",9163,9231,200
"4460",9164,9231,716
"4461",9165,9231,727
"4462",9167,9231,684
"4463",9171,9231,679
"4464",9173,9231,706
"4465",9178,9231,493
"4466",9182,9231,694
"4467",9183,9231,656
"4468",9184,9231,688
"4469",9185,9231,666
"4470",9186,9231,676
"4471",9187,9231,692
"4472",9188,9231,695
"4473",9189,9231,643
"4474",9190,9231,695
"4475",9191,9231,737
"4476",9193,9231,496
"4477",9201,9231,690
"4478",9204,9231,750
"4479",9205,9231,746
"4480",9208,9231,679
"4481",9213,9231,965
"4482",9214,9231,672
"4483",9215,9231,498
"4484",9218,9231,713
"4485",9219,9231,730
"4486",9223,9231,705
"4487",9227,9231,935
"4488",9230,9231,905
"4525",9107,9233,1329
"4526",9109,9233,1312
"4527",9110,9233,1319
"4528",9111,9233,1311
"4529",9112,9233,1335
"4530",9113,9233,1351
"4531",9121,9233,1039
"4532",9123,9233,1055
"4533",9129,9233,988
"4534",9130,9233,1027
"4535",9131,9233,1002
"4536",9132,9233,1016
"4537",9133,9233,997
"4538",9134,9233,1020
"4539",9135,9233,1023
"4540",9145,9233,509
"4541",9146,9233,516
"4542",9147,9233,762
"4543",9148,9233,665
"4544",9149,9233,548
"4545",9150,9233,738
"4546",9163,9233,695
"4547",9164,9233,629
"4548",9165,9233,737
"4549",9167,9233,703
"4550",9171,9233,607
"4551",9173,9233,631
"4552",9178,9233,715
"4553",9182,9233,619
"4554",9183,9233,588
"4555",9184,9233,585
"4556",9185,9233,563
"4557",9186,9233,613
"4558",9187,9233,596
"4559",9188,9233,652
"4560",9189,9233,555
"4561",9190,9233,700
"4562",9191,9233,746
"4563",9193,9233,743
"4564",9201,9233,685
"4565",9204,9233,640
"4566",9205,9233,673
"4567",9208,9233,625
"4568",9213,9233,980
"4569",9214,9233,630
"4570",9215,9233,721
"4571",9218,9233,637
"4572",9219,9233,703
"4573",9223,9233,713
"4574",9227,9233,950
"4575",9230,9233,959
"4576",9231,9233,685
"4612",9107,9239,786
"4613",9109,9239,534
"4614",9110,9239,540
"4615",9111,9239,751
"4616",9112,9239,805
"4617",9113,9239,834
"4618",9121,9239,1355
"4619",9123,9239,1359
"4620",9129,9239,1314
"4621",9130,9239,1324
"4622",9131,9239,1326
"4623",9132,9239,1344
"4624",9133,9239,1284
"4625",9134,9239,1320
"4626",9135,9239,1326
"4627",9145,9239,1316
"4628",9146,9239,1304
"4629",9147,9239,1294
"4630",9148,9239,1300
"4631",9149,9239,1286
"4632",9150,9239,1290
"4633",9163,9239,1310
"4634",9164,9239,1317
"4635",9165,9239,1335
"4636",9167,9239,1316
"4637",9171,9239,1299
"4638",9173,9239,1316
"4639",9178,9239,1319
"4640",9182,9239,1299
"4641",9183,9239,1297
"4642",9184,9239,1304
"4643",9185,9239,1278
"4644",9186,9239,1296
"4645",9187,9239,1294
"4646",9188,9239,1297
"4647",9189,9239,1273
"4648",9190,9239,1310
"4649",9191,9239,1332
"4650",9193,9239,1315
"4651",9201,9239,1295
"4652",9204,9239,1338
"4653",9205,9239,1351
"4654",9208,9239,1294
"4655",9213,9239,1333
"4656",9214,9239,1312
"4657",9215,9239,1294
"4658",9218,9239,1310
"4659",9219,9239,1359
"4660",9223,9239,1307
"4661",9227,9239,1325
"4662",9230,9239,1349
"4663",9231,9239,1306
"4664",9233,9239,1342
"4699",9107,9240,472
"4700",9109,9240,786
"4701",9110,9240,799
"4702",9111,9240,820
"4703",9112,9240,502
"4704",9113,9240,520
"4705",9121,9240,1352
"4706",9123,9240,1357
"4707",9129,9240,1315
"4708",9130,9240,1329
"4709",9131,9240,1329
"4710",9132,9240,1353
"4711",9133,9240,1296
"4712",9134,9240,1321
"4713",9135,9240,1325
"4714",9145,9240,1315
"4715",9146,9240,1304
"4716",9147,9240,1298
"4717",9148,9240,1305
"4718",9149,9240,1301
"4719",9150,9240,1282
"4720",9163,9240,1315
"4721",9164,9240,1319
"4722",9165,9240,1348
"4723",9167,9240,1327
"4724",9171,9240,1299
"4725",9173,9240,1328
"4726",9178,9240,1343
"4727",9182,9240,1309
"4728",9183,9240,1301
"4729",9184,9240,1311
"4730",9185,9240,1292
"4731",9186,9240,1303
"4732",9187,9240,1308
"4733",9188,9240,1332
"4734",9189,9240,1275
"4735",9190,9240,1312
"4736",9191,9240,1354
"4737",9193,9240,1346
"4738",9201,9240,1306
"4739",9204,9240,1348
"4740",9205,9240,1362
"4741",9208,9240,1296
"4742",9213,9240,1345
"4743",9214,9240,1316
"4744",9215,9240,1329
"4745",9218,9240,1327
"4746",9219,9240,1361
"4747",9223,9240,1317
"4748",9227,9240,1332
"4749",9230,9240,1364
"4750",9231,9240,1316
"4751",9233,9240,1343
"4752",9239,9240,760
"4786",9107,9243,759
"4787",9109,9243,694
"4788",9110,9243,699
"4789",9111,9243,745
"4790",9112,9243,768
"4791",9113,9243,795
"4792",9121,9243,1319
"4793",9123,9243,1330
"4794",9129,9243,1303
"4795",9130,9243,1330
"4796",9131,9243,1299
"4797",9132,9243,1336
"4798",9133,9243,1297
"4799",9134,9243,1317
"4800",9135,9243,1321
"4801",9145,9243,1298
"4802",9146,9243,1292
"4803",9147,9243,1271
"4804",9148,9243,1281
"4805",9149,9243,1288
"4806",9150,9243,1277
"4807",9163,9243,1272
"4808",9164,9243,1289
"4809",9165,9243,1299
"4810",9167,9243,1287
"4811",9171,9243,1278
"4812",9173,9243,1278
"4813",9178,9243,1310
"4814",9182,9243,1280
"4815",9183,9243,1252
"4816",9184,9243,1290
"4817",9185,9243,1263
"4818",9186,9243,1251
"4819",9187,9243,1280
"4820",9188,9243,1285
"4821",9189,9243,1248
"4822",9190,9243,1290
"4823",9191,9243,1302
"4824",9193,9243,1286
"4825",9201,9243,1266
"4826",9204,9243,1325
"4827",9205,9243,1318
"4828",9208,9243,1278
"4829",9213,9243,1330
"4830",9214,9243,1263
"4831",9215,9243,1294
"4832",9218,9243,1295
"4833",9219,9243,1312
"4834",9223,9243,1285
"4835",9227,9243,1310
"4836",9230,9243,1307
"4837",9231,9243,1271
"4838",9233,9243,1322
"4839",9239,9243,673
"4840",9240,9243,745
"4873",9107,9247,811
"4874",9109,9247,802
"4875",9110,9247,815
"4876",9111,9247,824
"4877",9112,9247,824
"4878",9113,9247,853
"4879",9121,9247,1348
"4880",9123,9247,1362
"4881",9129,9247,1316
"4882",9130,9247,1329
"4883",9131,9247,1328
"4884",9132,9247,1333
"4885",9133,9247,1307
"4886",9134,9247,1331
"4887",9135,9247,1334
"4888",9145,9247,1310
"4889",9146,9247,1304
"4890",9147,9247,1298
"4891",9148,9247,1293
"4892",9149,9247,1304
"4893",9150,9247,1276
"4894",9163,9247,1287
"4895",9164,9247,1300
"4896",9165,9247,1317
"4897",9167,9247,1305
"4898",9171,9247,1278
"4899",9173,9247,1309
"4900",9178,9247,1313
"4901",9182,9247,1298
"4902",9183,9247,1286
"4903",9184,9247,1284
"4904",9185,9247,1276
"4905",9186,9247,1301
"4906",9187,9247,1288
"4907",9188,9247,1301
"4908",9189,9247,1262
"4909",9190,9247,1300
"4910",9191,9247,1306
"4911",9193,9247,1310
"4912",9201,9247,1281
"4913",9204,9247,1333
"4914",9205,9247,1352
"4915",9208,9247,1277
"4916",9213,9247,1333
"4917",9214,9247,1293
"4918",9215,9247,1291
"4919",9218,9247,1297
"4920",9219,9247,1329
"4921",9223,9247,1295
"4922",9227,9247,1325
"4923",9230,9247,1339
"4924",9231,9247,1286
"4925",9233,9247,1323
"4926",9239,9247,761
"4927",9240,9247,781
"4928",9243,9247,755
"4960",9107,9248,799
"4961",9109,9248,783
"4962",9110,9248,793
"4963",9111,9248,806
"4964",9112,9248,810
"4965",9113,9248,839
"4966",9121,9248,1349
"4967",9123,9248,1349
"4968",9129,9248,1302
"4969",9130,9248,1317
"4970",9131,9248,1314
"4971",9132,9248,1328
"4972",9133,9248,1285
"4973",9134,9248,1316
"4974",9135,9248,1315
"4975",9145,9248,1304
"4976",9146,9248,1291
"4977",9147,9248,1285
"4978",9148,9248,1289
"4979",9149,9248,1290
"4980",9150,9248,1269
"4981",9163,9248,1292
"4982",9164,9248,1306
"4983",9165,9248,1302
"4984",9167,9248,1294
"4985",9171,9248,1280
"4986",9173,9248,1305
"4987",9178,9248,1300
"4988",9182,9248,1291
"4989",9183,9248,1294
"4990",9184,9248,1281
"4991",9185,9248,1272
"4992",9186,9248,1285
"4993",9187,9248,1286
"4994",9188,9248,1302
"4995",9189,9248,1255
"4996",9190,9248,1289
"4997",9191,9248,1302
"4998",9193,9248,1308
"4999",9201,9248,1281
"5000",9204,9248,1330
"5001",9205,9248,1342
"5002",9208,9248,1280
"5003",9213,9248,1312
"5004",9214,9248,1299
"5005",9215,9248,1283
"5006",9218,9248,1296
"5007",9219,9248,1329
"5008",9223,9248,1287
"5009",9227,9248,1299
"5010",9230,9248,1331
"5011",9231,9248,1286
"5012",9233,9248,1326
"5013",9239,9248,732
"5014",9240,9248,755
"5015",9243,9248,736
"5016",9247,9248,627
"5047",9107,9274,1348
"5048",9109,9274,1337
"5049",9110,9274,1342
"5050",9111,9274,1349
"5051",9112,9274,1360
"5052",9113,9274,1363
"5053",9121,9274,340
"5054",9123,9274,369
"5055",9129,9274,981
"5056",9130,9274,1002
"5057",9131,9274,962
"5058",9132,9274,987
"5059",9133,9274,975
"5060",9134,9274,991
"5061",9135,9274,998
"5062",9145,9274,1037
"5063",9146,9274,1014
"5064",9147,9274,1014
"5065",9148,9274,1002
"5066",9149,9274,1030
"5067",9150,9274,1011
"5068",9163,9274,1007
"5069",9164,9274,1033
"5070",9165,9274,1044
"5071",9167,9274,1007
"5072",9171,9274,1034
"5073",9173,9274,1017
"5074",9178,9274,1042
"5075",9182,9274,1027
"5076",9183,9274,986
"5077",9184,9274,1011
"5078",9185,9274,997
"5079",9186,9274,987
"5080",9187,9274,1006
"5081",9188,9274,1045
"5082",9189,9274,970
"5083",9190,9274,1023
"5084",9191,9274,1049
"5085",9193,9274,1039
"5086",9201,9274,1029
"5087",9204,9274,1060
"5088",9205,9274,1062
"5089",9208,9274,995
"5090",9213,9274,1016
"5091",9214,9274,1002
"5092",9215,9274,1042
"5093",9218,9274,1050
"5094",9219,9274,1063
"5095",9223,9274,1029
"5096",9227,9274,995
"5097",9230,9274,332
"5098",9231,9274,999
"5099",9233,9274,1056
"5100",9239,9274,1315
"5101",9240,9274,1336
"5102",9243,9274,1302
"5103",9247,9274,1326
"5104",9248,9274,1317
"5134",9107,9279,1323
"5135",9109,9279,1307
"5136",9110,9279,1318
"5137",9111,9279,1315
"5138",9112,9279,1330
"5139",9113,9279,1335
"5140",9121,9279,314
"5141",9123,9279,340
"5142",9129,9279,958
"5143",9130,9279,978
"5144",9131,9279,946
"5145",9132,9279,961
"5146",9133,9279,946
"5147",9134,9279,973
"5148",9135,9279,973
"5149",9145,9279,1012
"5150",9146,9279,991
"5151",9147,9279,994
"5152",9148,9279,979
"5153",9149,9279,1001
"5154",9150,9279,988
"5155",9163,9279,981
"5156",9164,9279,1009
"5157",9165,9279,1019
"5158",9167,9279,978
"5159",9171,9279,1000
"5160",9173,9279,989
"5161",9178,9279,1014
"5162",9182,9279,995
"5163",9183,9279,961
"5164",9184,9279,987
"5165",9185,9279,967
"5166",9186,9279,960
"5167",9187,9279,978
"5168",9188,9279,1007
"5169",9189,9279,944
"5170",9190,9279,999
"5171",9191,9279,1018
"5172",9193,9279,1012
"5173",9201,9279,990
"5174",9204,9279,1036
"5175",9205,9279,1033
"5176",9208,9279,967
"5177",9213,9279,989
"5178",9214,9279,978
"5179",9215,9279,1005
"5180",9218,9279,1015
"5181",9219,9279,1030
"5182",9223,9279,996
"5183",9227,9279,961
"5184",9230,9279,304
"5185",9231,9279,981
"5186",9233,9279,1027
"5187",9239,9279,1275
"5188",9240,9279,1307
"5189",9243,9279,1274
"5190",9247,9279,1281
"5191",9248,9279,1265
"5192",9274,9279,236
"5221",9107,9283,1350
"5222",9109,9283,1337
"5223",9110,9283,1343
"5224",9111,9283,1341
"5225",9112,9283,1362
"5226",9113,9283,1363
"5227",9121,9283,335
"5228",9123,9283,359
"5229",9129,9283,980
"5230",9130,9283,995
"5231",9131,9283,963
"5232",9132,9283,991
"5233",9133,9283,974
"5234",9134,9283,990
"5235",9135,9283,992
"5236",9145,9283,1036
"5237",9146,9283,1014
"5238",9147,9283,1011
"5239",9148,9283,1000
"5240",9149,9283,1026
"5241",9150,9283,1013
"5242",9163,9283,1002
"5243",9164,9283,1016
"5244",9165,9283,1034
"5245",9167,9283,1001
"5246",9171,9283,1021
"5247",9173,9283,1007
"5248",9178,9283,1033
"5249",9182,9283,1018
"5250",9183,9283,981
"5251",9184,9283,1004
"5252",9185,9283,984
"5253",9186,9283,978
"5254",9187,9283,994
"5255",9188,9283,1029
"5256",9189,9283,970
"5257",9190,9283,1007
"5258",9191,9283,1031
"5259",9193,9283,1025
"5260",9201,9283,1013
"5261",9204,9283,1047
"5262",9205,9283,1051
"5263",9208,9283,991
"5264",9213,9283,1007
"5265",9214,9283,991
"5266",9215,9283,1027
"5267",9218,9283,1031
"5268",9219,9283,1048
"5269",9223,9283,1007
"5270",9227,9283,987
"5271",9230,9283,328
"5272",9231,9283,999
"5273",9233,9283,1048
"5274",9239,9283,1306
"5275",9240,9283,1324
"5276",9243,9283,1301
"5277",9247,9283,1296
"5278",9248,9283,1289
"5279",9274,9283,178
"5280",9279,9283,208
"5308",9107,9289,1329
"5309",9109,9289,1313
"5310",9110,9289,1323
"5311",9111,9289,1320
"5312",9112,9289,1336
"5313",9113,9289,1344
"5314",9121,9289,309
"5315",9123,9289,334
"5316",9129,9289,945
"5317",9130,9289,974
"5318",9131,9289,929
"5319",9132,9289,951
"5320",9133,9289,938
"5321",9134,9289,960
"5322",9135,9289,963
"5323",9145,9289,1011
"5324",9146,9289,990
"5325",9147,9289,991
"5326",9148,9289,974
"5327",9149,9289,1010
"5328",9150,9289,986
"5329",9163,9289,975
"5330",9164,9289,1006
"5331",9165,9289,1016
"5332",9167,9289,984
"5333",9171,9289,1002
"5334",9173,9289,1000
"5335",9178,9289,1013
"5336",9182,9289,1005
"5337",9183,9289,951
"5338",9184,9289,985
"5339",9185,9289,979
"5340",9186,9289,960
"5341",9187,9289,982
"5342",9188,9289,1021
"5343",9189,9289,943
"5344",9190,9289,996
"5345",9191,9289,1017
"5346",9193,9289,1011
"5347",9201,9289,1001
"5348",9204,9289,1042
"5349",9205,9289,1038
"5350",9208,9289,974
"5351",9213,9289,979
"5352",9214,9289,978
"5353",9215,9289,1014
"5354",9218,9289,1014
"5355",9219,9289,1033
"5356",9223,9289,995
"5357",9227,9289,958
"5358",9230,9289,304
"5359",9231,9289,977
"5360",9233,9289,1027
"5361",9239,9289,1295
"5362",9240,9289,1314
"5363",9243,9289,1275
"5364",9247,9289,1279
"5365",9248,9289,1263
"5366",9274,9289,290
"5367",9279,9289,235
"5368",9283,9289,259
"5395",9107,9290,1318
"5396",9109,9290,1298
"5397",9110,9290,1307
"5398",9111,9290,1306
"5399",9112,9290,1324
"5400",9113,9290,1335
"5401",9121,9290,285
"5402",9123,9290,312
"5403",9129,9290,929
"5404",9130,9290,956
"5405",9131,9290,915
"5406",9132,9290,944
"5407",9133,9290,924
"5408",9134,9290,942
"5409",9135,9290,945
"5410",9145,9290,999
"5411",9146,9290,974
"5412",9147,9290,978
"5413",9148,9290,966
"5414",9149,9290,1001
"5415",9150,9290,979
"5416",9163,9290,978
"5417",9164,9290,1020
"5418",9165,9290,1030
"5419",9167,9290,983
"5420",9171,9290,1001
"5421",9173,9290,994
"5422",9178,9290,1012
"5423",9182,9290,998
"5424",9183,9290,961
"5425",9184,9290,991
"5426",9185,9290,975
"5427",9186,9290,961
"5428",9187,9290,986
"5429",9188,9290,1020
"5430",9189,9290,941
"5431",9190,9290,996
"5432",9191,9290,1030
"5433",9193,9290,1019
"5434",9201,9290,999
"5435",9204,9290,1041
"5436",9205,9290,1036
"5437",9208,9290,981
"5438",9213,9290,984
"5439",9214,9290,970
"5440",9215,9290,1023
"5441",9218,9290,1026
"5442",9219,9290,1034
"5443",9223,9290,1009
"5444",9227,9290,967
"5445",9230,9290,296
"5446",9231,9290,974
"5447",9233,9290,1027
"5448",9239,9290,1315
"5449",9240,9290,1333
"5450",9243,9290,1286
"5451",9247,9290,1319
"5452",9248,9290,1311
"5453",9274,9290,202
"5454",9279,9290,237
"5455",9283,9290,217
"5456",9289,9290,268
"5482",9107,9291,1324
"5483",9109,9291,1304
"5484",9110,9291,1320
"5485",9111,9291,1321
"5486",9112,9291,1333
"5487",9113,9291,1342
"5488",9121,9291,427
"5489",9123,9291,446
"5490",9129,9291,964
"5491",9130,9291,973
"5492",9131,9291,952
"5493",9132,9291,962
"5494",9133,9291,950
"5495",9134,9291,966
"5496",9135,9291,968
"5497",9145,9291,1014
"5498",9146,9291,1002
"5499",9147,9291,1003
"5500",9148,9291,992
"5501",9149,9291,1009
"5502",9150,9291,991
"5503",9163,9291,993
"5504",9164,9291,1023
"5505",9165,9291,1024
"5506",9167,9291,997
"5507",9171,9291,1018
"5508",9173,9291,1010
"5509",9178,9291,1027
"5510",9182,9291,1009
"5511",9183,9291,981
"5512",9184,9291,1000
"5513",9185,9291,992
"5514",9186,9291,978
"5515",9187,9291,1001
"5516",9188,9291,1022
"5517",9189,9291,956
"5518",9190,9291,1011
"5519",9191,9291,1020
"5520",9193,9291,1028
"5521",9201,9291,1004
"5522",9204,9291,1053
"5523",9205,9291,1047
"5524",9208,9291,976
"5525",9213,9291,999
"5526",9214,9291,987
"5527",9215,9291,1025
"5528",9218,9291,1025
"5529",9219,9291,1050
"5530",9223,9291,1012
"5531",9227,9291,971
"5532",9230,9291,420
"5533",9231,9291,995
"5534",9233,9291,1041
"5535",9239,9291,1288
"5536",9240,9291,1306
"5537",9243,9291,1282
"5538",9247,9291,1266
"5539",9248,9291,1242
"5540",9274,9291,392
"5541",9279,9291,330
"5542",9283,9291,346
"5543",9289,9291,329
"5544",9290,9291,378
"5569",9107,9292,1318
"5570",9109,9292,1308
"5571",9110,9292,1315
"5572",9111,9292,1321
"5573",9112,9292,1316
"5574",9113,9292,1338
"5575",9121,9292,788
"5576",9123,9292,803
"5577",9129,9292,934
"5578",9130,9292,968
"5579",9131,9292,942
"5580",9132,9292,951
"5581",9133,9292,929
"5582",9134,9292,973
"5583",9135,9292,975
"5584",9145,9292,994
"5585",9146,9292,976
"5586",9147,9292,977
"5587",9148,9292,962
"5588",9149,9292,990
"5589",9150,9292,979
"5590",9163,9292,971
"5591",9164,9292,994
"5592",9165,9292,1009
"5593",9167,9292,977
"5594",9171,9292,975
"5595",9173,9292,983
"5596",9178,9292,1003
"5597",9182,9292,983
"5598",9183,9292,951
"5599",9184,9292,984
"5600",9185,9292,968
"5601",9186,9292,954
"5602",9187,9292,991
"5603",9188,9292,1002
"5604",9189,9292,948
"5605",9190,9292,986
"5606",9191,9292,1014
"5607",9193,9292,1005
"5608",9201,9292,988
"5609",9204,9292,1026
"5610",9205,9292,1030
"5611",9208,9292,976
"5612",9213,9292,986
"5613",9214,9292,969
"5614",9215,9292,1001
"5615",9218,9292,998
"5616",9219,9292,1020
"5617",9223,9292,993
"5618",9227,9292,979
"5619",9230,9292,780
"5620",9231,9292,973
"5621",9233,9292,1002
"5622",9239,9292,1291
"5623",9240,9292,1310
"5624",9243,9292,1266
"5625",9247,9292,1276
"5626",9248,9292,1274
"5627",9274,9292,759
"5628",9279,9292,725
"5629",9283,9292,755
"5630",9289,9292,730
"5631",9290,9292,739
"5632",9291,9292,745
"5656",9107,9294,1313
"5657",9109,9294,1294
"5658",9110,9294,1299
"5659",9111,9294,1305
"5660",9112,9294,1318
"5661",9113,9294,1326
"5662",9121,9294,279
"5663",9123,9294,299
"5664",9129,9294,925
"5665",9130,9294,962
"5666",9131,9294,911
"5667",9132,9294,936
"5668",9133,9294,931
"5669",9134,9294,945
"5670",9135,9294,947
"5671",9145,9294,990
"5672",9146,9294,970
"5673",9147,9294,971
"5674",9148,9294,953
"5675",9149,9294,994
"5676",9150,9294,978
"5677",9163,9294,970
"5678",9164,9294,1006
"5679",9165,9294,1012
"5680",9167,9294,972
"5681",9171,9294,990
"5682",9173,9294,989
"5683",9178,9294,1013
"5684",9182,9294,989
"5685",9183,9294,953
"5686",9184,9294,981
"5687",9185,9294,966
"5688",9186,9294,947
"5689",9187,9294,980
"5690",9188,9294,1015
"5691",9189,9294,932
"5692",9190,9294,987
"5693",9191,9294,1017
"5694",9193,9294,1015
"5695",9201,9294,991
"5696",9204,9294,1034
"5697",9205,9294,1031
"5698",9208,9294,970
"5699",9213,9294,975
"5700",9214,9294,966
"5701",9215,9294,1016
"5702",9218,9294,1012
"5703",9219,9294,1030
"5704",9223,9294,1000
"5705",9227,9294,957
"5706",9230,9294,276
"5707",9231,9294,966
"5708",9233,9294,1021
"5709",9239,9294,1313
"5710",9240,9294,1324
"5711",9243,9294,1278
"5712",9247,9294,1310
"5713",9248,9294,1296
"5714",9274,9294,212
"5715",9279,9294,244
"5716",9283,9294,222
"5717",9289,9294,247
"5718",9290,9294,118
"5719",9291,9294,364
"5720",9292,9294,728
"5743",9107,9295,1315
"5744",9109,9295,1297
"5745",9110,9295,1304
"5746",9111,9295,1302
"5747",9112,9295,1313
"5748",9113,9295,1326
"5749",9121,9295,282
"5750",9123,9295,309
"5751",9129,9295,925
"5752",9130,9295,962
"5753",9131,9295,918
"5754",9132,9295,929
"5755",9133,9295,932
"5756",9134,9295,940
"5757",9135,9295,957
"5758",9145,9295,992
"5759",9146,9295,976
"5760",9147,9295,973
"5761",9148,9295,958
"5762",9149,9295,996
"5763",9150,9295,966
"5764",9163,9295,972
"5765",9164,9295,1011
"5766",9165,9295,1015
"5767",9167,9295,977
"5768",9171,9295,999
"5769",9173,9295,997
"5770",9178,9295,1009
"5771",9182,9295,999
"5772",9183,9295,950
"5773",9184,9295,984
"5774",9185,9295,966
"5775",9186,9295,956
"5776",9187,9295,983
"5777",9188,9295,1016
"5778",9189,9295,939
"5779",9190,9295,993
"5780",9191,9295,1025
"5781",9193,9295,1011
"5782",9201,9295,991
"5783",9204,9295,1044
"5784",9205,9295,1038
"5785",9208,9295,976
"5786",9213,9295,977
"5787",9214,9295,972
"5788",9215,9295,1013
"5789",9218,9295,1023
"5790",9219,9295,1025
"5791",9223,9295,1006
"5792",9227,9295,955
"5793",9230,9295,282
"5794",9231,9295,964
"5795",9233,9295,1023
"5796",9239,9295,1314
"5797",9240,9295,1319
"5798",9243,9295,1276
"5799",9247,9295,1303
"5800",9248,9295,1296
"5801",9274,9295,274
"5802",9279,9295,247
"5803",9283,9295,277
"5804",9289,9295,243
"5805",9290,9295,238
"5806",9291,9295,364
"5807",9292,9295,727
"5808",9294,9295,222
"5830",9107,9297,1364
"5831",9109,9297,1351
"5832",9110,9297,1366
"5833",9111,9297,1358
"5834",9112,9297,1380
"5835",9113,9297,1383
"5836",9121,9297,356
"5837",9123,9297,374
"5838",9129,9297,994
"5839",9130,9297,1012
"5840",9131,9297,971
"5841",9132,9297,996
"5842",9133,9297,981
"5843",9134,9297,1001
"5844",9135,9297,998
"5845",9145,9297,1048
"5846",9146,9297,1028
"5847",9147,9297,1034
"5848",9148,9297,1017
"5849",9149,9297,1047
"5850",9150,9297,1031
"5851",9163,9297,1020
"5852",9164,9297,1044
"5853",9165,9297,1055
"5854",9167,9297,1022
"5855",9171,9297,1051
"5856",9173,9297,1031
"5857",9178,9297,1059
"5858",9182,9297,1038
"5859",9183,9297,1007
"5860",9184,9297,1024
"5861",9185,9297,1015
"5862",9186,9297,1005
"5863",9187,9297,1019
"5864",9188,9297,1052
"5865",9189,9297,983
"5866",9190,9297,1040
"5867",9191,9297,1048
"5868",9193,9297,1055
"5869",9201,9297,1035
"5870",9204,9297,1075
"5871",9205,9297,1070
"5872",9208,9297,1010
"5873",9213,9297,1025
"5874",9214,9297,1019
"5875",9215,9297,1062
"5876",9218,9297,1047
"5877",9219,9297,1066
"5878",9223,9297,1030
"5879",9227,9297,999
"5880",9230,9297,340
"5881",9231,9297,1015
"5882",9233,9297,1062
"5883",9239,9297,1323
"5884",9240,9297,1350
"5885",9243,9297,1317
"5886",9247,9297,1293
"5887",9248,9297,1289
"5888",9274,9297,320
"5889",9279,9297,273
"5890",9283,9297,277
"5891",9289,9297,272
"5892",9290,9297,306
"5893",9291,9297,332
"5894",9292,9297,777
"5895",9294,9297,290
"5896",9295,9297,301
"5917",9107,9298,1317
"5918",9109,9298,1299
"5919",9110,9298,1308
"5920",9111,9298,1309
"5921",9112,9298,1327
"5922",9113,9298,1333
"5923",9121,9298,286
"5924",9123,9298,306
"5925",9129,9298,929
"5926",9130,9298,965
"5927",9131,9298,918
"5928",9132,9298,941
"5929",9133,9298,929
"5930",9134,9298,955
"5931",9135,9298,959
"5932",9145,9298,995
"5933",9146,9298,973
"5934",9147,9298,971
"5935",9148,9298,954
"5936",9149,9298,996
"5937",9150,9298,982
"5938",9163,9298,976
"5939",9164,9298,1002
"5940",9165,9298,1011
"5941",9167,9298,975
"5942",9171,9298,1000
"5943",9173,9298,989
"5944",9178,9298,1011
"5945",9182,9298,989
"5946",9183,9298,949
"5947",9184,9298,982
"5948",9185,9298,966
"5949",9186,9298,953
"5950",9187,9298,982
"5951",9188,9298,1011
"5952",9189,9298,935
"5953",9190,9298,993
"5954",9191,9298,1015
"5955",9193,9298,1014
"5956",9201,9298,992
"5957",9204,9298,1028
"5958",9205,9298,1032
"5959",9208,9298,972
"5960",9213,9298,979
"5961",9214,9298,973
"5962",9215,9298,1014
"5963",9218,9298,1013
"5964",9219,9298,1030
"5965",9223,9298,1001
"5966",9227,9298,949
"5967",9230,9298,278
"5968",9231,9298,972
"5969",9233,9298,1023
"5970",9239,9298,1301
"5971",9240,9298,1317
"5972",9243,9298,1270
"5973",9247,9298,1291
"5974",9248,9298,1281
"5975",9274,9298,215
"5976",9279,9298,226
"5977",9283,9298,205
"5978",9289,9298,232
"5979",9290,9298,155
"5980",9291,9298,351
"5981",9292,9298,719
"5982",9294,9298,142
"5983",9295,9298,230
"5984",9297,9298,281
"6004",9107,9301,1321
"6005",9109,9301,1292
"6006",9110,9301,1300
"6007",9111,9301,1309
"6008",9112,9301,1321
"6009",9113,9301,1333
"6010",9121,9301,260
"6011",9123,9301,284
"6012",9129,9301,924
"6013",9130,9301,959
"6014",9131,9301,907
"6015",9132,9301,933
"6016",9133,9301,926
"6017",9134,9301,948
"6018",9135,9301,953
"6019",9145,9301,985
"6020",9146,9301,969
"6021",9147,9301,974
"6022",9148,9301,953
"6023",9149,9301,998
"6024",9150,9301,970
"6025",9163,9301,965
"6026",9164,9301,1009
"6027",9165,9301,999
"6028",9167,9301,965
"6029",9171,9301,995
"6030",9173,9301,990
"6031",9178,9301,1000
"6032",9182,9301,990
"6033",9183,9301,949
"6034",9184,9301,977
"6035",9185,9301,963
"6036",9186,9301,945
"6037",9187,9301,979
"6038",9188,9301,1012
"6039",9189,9301,936
"6040",9190,9301,985
"6041",9191,9301,1007
"6042",9193,9301,1001
"6043",9201,9301,986
"6044",9204,9301,1037
"6045",9205,9301,1035
"6046",9208,9301,966
"6047",9213,9301,970
"6048",9214,9301,964
"6049",9215,9301,1008
"6050",9218,9301,1015
"6051",9219,9301,1027
"6052",9223,9301,994
"6053",9227,9301,947
"6054",9230,9301,247
"6055",9231,9301,963
"6056",9233,9301,1012
"6057",9239,9301,1303
"6058",9240,9301,1310
"6059",9243,9301,1264
"6060",9247,9301,1301
"6061",9248,9301,1282
"6062",9274,9301,265
"6063",9279,9301,237
"6064",9283,9301,261
"6065",9289,9301,231
"6066",9290,9301,233
"6067",9291,9301,352
"6068",9292,9301,710
"6069",9294,9301,220
"6070",9295,9301,214
"6071",9297,9301,285
"6072",9298,9301,210
"6091",9107,9303,1329
"6092",9109,9303,1301
"6093",9110,9303,1308
"6094",9111,9303,1319
"6095",9112,9303,1337
"6096",9113,9303,1343
"6097",9121,9303,292
"6098",9123,9303,298
"6099",9129,9303,958
"6100",9130,9303,963
"6101",9131,9303,938
"6102",9132,9303,959
"6103",9133,9303,935
"6104",9134,9303,962
"6105",9135,9303,961
"6106",9145,9303,1002
"6107",9146,9303,980
"6108",9147,9303,983
"6109",9148,9303,974
"6110",9149,9303,986
"6111",9150,9303,977
"6112",9163,9303,994
"6113",9164,9303,1037
"6114",9165,9303,1019
"6115",9167,9303,990
"6116",9171,9303,1025
"6117",9173,9303,1015
"6118",9178,9303,1019
"6119",9182,9303,1013
"6120",9183,9303,979
"6121",9184,9303,1004
"6122",9185,9303,990
"6123",9186,9303,977
"6124",9187,9303,999
"6125",9188,9303,1030
"6126",9189,9303,959
"6127",9190,9303,1011
"6128",9191,9303,1029
"6129",9193,9303,1026
"6130",9201,9303,1008
"6131",9204,9303,1056
"6132",9205,9303,1056
"6133",9208,9303,987
"6134",9213,9303,1003
"6135",9214,9303,987
"6136",9215,9303,1021
"6137",9218,9303,1039
"6138",9219,9303,1037
"6139",9223,9303,1014
"6140",9227,9303,981
"6141",9230,9303,290
"6142",9231,9303,984
"6143",9233,9303,1041
"6144",9239,9303,1299
"6145",9240,9303,1322
"6146",9243,9303,1285
"6147",9247,9303,1313
"6148",9248,9303,1303
"6149",9274,9303,278
"6150",9279,9303,248
"6151",9283,9303,281
"6152",9289,9303,269
"6153",9290,9303,265
"6154",9291,9303,383
"6155",9292,9303,750
"6156",9294,9303,265
"6157",9295,9303,268
"6158",9297,9303,315
"6159",9298,9303,248
"6160",9301,9303,212
"6178",9107,9304,1345
"6179",9109,9304,1312
"6180",9110,9304,1321
"6181",9111,9304,1330
"6182",9112,9304,1345
"6183",9113,9304,1360
"6184",9121,9304,291
"6185",9123,9304,299
"6186",9129,9304,951
"6187",9130,9304,969
"6188",9131,9304,938
"6189",9132,9304,959
"6190",9133,9304,950
"6191",9134,9304,966
"6192",9135,9304,977
"6193",9145,9304,1012
"6194",9146,9304,989
"6195",9147,9304,993
"6196",9148,9304,970
"6197",9149,9304,1009
"6198",9150,9304,986
"6199",9163,9304,997
"6200",9164,9304,1044
"6201",9165,9304,1031
"6202",9167,9304,996
"6203",9171,9304,1035
"6204",9173,9304,1029
"6205",9178,9304,1024
"6206",9182,9304,1027
"6207",9183,9304,978
"6208",9184,9304,1008
"6209",9185,9304,993
"6210",9186,9304,975
"6211",9187,9304,1012
"6212",9188,9304,1044
"6213",9189,9304,956
"6214",9190,9304,1021
"6215",9191,9304,1043
"6216",9193,9304,1034
"6217",9201,9304,1027
"6218",9204,9304,1069
"6219",9205,9304,1067
"6220",9208,9304,1005
"6221",9213,9304,1017
"6222",9214,9304,992
"6223",9215,9304,1036
"6224",9218,9304,1045
"6225",9219,9304,1052
"6226",9223,9304,1024
"6227",9227,9304,987
"6228",9230,9304,163
"6229",9231,9304,982
"6230",9233,9304,1041
"6231",9239,9304,1332
"6232",9240,9304,1351
"6233",9243,9304,1304
"6234",9247,9304,1336
"6235",9248,9304,1330
"6236",9274,9304,312
"6237",9279,9304,282
"6238",9283,9304,314
"6239",9289,9304,292
"6240",9290,9304,275
"6241",9291,9304,413
"6242",9292,9304,768
"6243",9294,9304,264
"6244",9295,9304,270
"6245",9297,9304,346
"6246",9298,9304,269
"6247",9301,9304,239
"6248",9303,9304,241
"6265",9107,9309,1321
"6266",9109,9309,1321
"6267",9110,9309,1323
"6268",9111,9309,1317
"6269",9112,9309,1339
"6270",9113,9309,1348
"6271",9121,9309,987
"6272",9123,9309,1003
"6273",9129,9309,490
"6274",9130,9309,456
"6275",9131,9309,444
"6276",9132,9309,653
"6277",9133,9309,471
"6278",9134,9309,457
"6279",9135,9309,452
"6280",9145,9309,1020
"6281",9146,9309,1001
"6282",9147,9309,1002
"6283",9148,9309,1001
"6284",9149,9309,1009
"6285",9150,9309,984
"6286",9163,9309,1011
"6287",9164,9309,1027
"6288",9165,9309,1040
"6289",9167,9309,1006
"6290",9171,9309,1002
"6291",9173,9309,1025
"6292",9178,9309,1034
"6293",9182,9309,1003
"6294",9183,9309,981
"6295",9184,9309,999
"6296",9185,9309,978
"6297",9186,9309,987
"6298",9187,9309,991
"6299",9188,9309,1020
"6300",9189,9309,943
"6301",9190,9309,1017
"6302",9191,9309,1046
"6303",9193,9309,1042
"6304",9201,9309,1003
"6305",9204,9309,1049
"6306",9205,9309,1057
"6307",9208,9309,990
"6308",9213,9309,464
"6309",9214,9309,1010
"6310",9215,9309,1031
"6311",9218,9309,1032
"6312",9219,9309,1070
"6313",9223,9309,1016
"6314",9227,9309,457
"6315",9230,9309,987
"6316",9231,9309,1010
"6317",9233,9309,1020
"6318",9239,9309,1279
"6319",9240,9309,1292
"6320",9243,9309,1287
"6321",9247,9309,1274
"6322",9248,9309,1246
"6323",9274,9309,957
"6324",9279,9309,914
"6325",9283,9309,933
"6326",9289,9309,908
"6327",9290,9309,940
"6328",9291,9309,922
"6329",9292,9309,929
"6330",9294,9309,941
"6331",9295,9309,938
"6332",9297,9309,935
"6333",9298,9309,924
"6334",9301,9309,915
"6335",9303,9309,939
"6336",9304,9309,965
"6352",9107,9313,1334
"6353",9109,9313,1323
"6354",9110,9313,1330
"6355",9111,9313,1326
"6356",9112,9313,1355
"6357",9113,9313,1359
"6358",9121,9313,1013
"6359",9123,9313,1018
"6360",9129,9313,518
"6361",9130,9313,397
"6362",9131,9313,477
"6363",9132,9313,679
"6364",9133,9313,504
"6365",9134,9313,394
"6366",9135,9313,475
"6367",9145,9313,1049
"6368",9146,9313,1019
"6369",9147,9313,1027
"6370",9148,9313,1021
"6371",9149,9313,1033
"6372",9150,9313,1011
"6373",9163,9313,1048
"6374",9164,9313,1057
"6375",9165,9313,1065
"6376",9167,9313,1032
"6377",9171,9313,1031
"6378",9173,9313,1054
"6379",9178,9313,1057
"6380",9182,9313,1032
"6381",9183,9313,1021
"6382",9184,9313,1027
"6383",9185,9313,1014
"6384",9186,9313,1028
"6385",9187,9313,1023
"6386",9188,9313,1043
"6387",9189,9313,984
"6388",9190,9313,1041
"6389",9191,9313,1057
"6390",9193,9313,1062
"6391",9201,9313,1027
"6392",9204,9313,1078
"6393",9205,9313,1088
"6394",9208,9313,1016
"6395",9213,9313,470
"6396",9214,9313,1038
"6397",9215,9313,1054
"6398",9218,9313,1055
"6399",9219,9313,1097
"6400",9223,9313,1042
"6401",9227,9313,462
"6402",9230,9313,1020
"6403",9231,9313,1044
"6404",9233,9313,1059
"6405",9239,9313,1277
"6406",9240,9313,1299
"6407",9243,9313,1303
"6408",9247,9313,1279
"6409",9248,9313,1254
"6410",9274,9313,959
"6411",9279,9313,918
"6412",9283,9313,941
"6413",9289,9313,936
"6414",9290,9313,959
"6415",9291,9313,919
"6416",9292,9313,952
"6417",9294,9313,970
"6418",9295,9313,963
"6419",9297,9313,942
"6420",9298,9313,957
"6421",9301,9313,948
"6422",9303,9313,950
"6423",9304,9313,984
"6424",9309,9313,401
"6439",9107,9317,1332
"6440",9109,9317,1325
"6441",9110,9317,1330
"6442",9111,9317,1335
"6443",9112,9317,1354
"6444",9113,9317,1355
"6445",9121,9317,995
"6446",9123,9317,1015
"6447",9129,9317,527
"6448",9130,9317,490
"6449",9131,9317,477
"6450",9132,9317,684
"6451",9133,9317,520
"6452",9134,9317,502
"6453",9135,9317,492
"6454",9145,9317,1037
"6455",9146,9317,1017
"6456",9147,9317,1011
"6457",9148,9317,1009
"6458",9149,9317,1033
"6459",9150,9317,998
"6460",9163,9317,1027
"6461",9164,9317,1034
"6462",9165,9317,1044
"6463",9167,9317,1024
"6464",9171,9317,1027
"6465",9173,9317,1049
"6466",9178,9317,1052
"6467",9182,9317,1021
"6468",9183,9317,997
"6469",9184,9317,1021
"6470",9185,9317,1004
"6471",9186,9317,1010
"6472",9187,9317,1018
"6473",9188,9317,1042
"6474",9189,9317,969
"6475",9190,9317,1015
"6476",9191,9317,1039
"6477",9193,9317,1057
"6478",9201,9317,1010
"6479",9204,9317,1066
"6480",9205,9317,1078
"6481",9208,9317,1010
"6482",9213,9317,495
"6483",9214,9317,1010
"6484",9215,9317,1041
"6485",9218,9317,1044
"6486",9219,9317,1071
"6487",9223,9317,1019
"6488",9227,9317,478
"6489",9230,9317,990
"6490",9231,9317,1018
"6491",9233,9317,1039
"6492",9239,9317,1301
"6493",9240,9317,1313
"6494",9243,9317,1299
"6495",9247,9317,1275
"6496",9248,9317,1256
"6497",9274,9317,967
"6498",9279,9317,917
"6499",9283,9317,925
"6500",9289,9317,909
"6501",9290,9317,959
"6502",9291,9317,887
"6503",9292,9317,933
"6504",9294,9317,954
"6505",9295,9317,943
"6506",9297,9317,925
"6507",9298,9317,931
"6508",9301,9317,923
"6509",9303,9317,947
"6510",9304,9317,978
"6511",9309,9317,389
"6512",9313,9317,430
"6526",9107,9318,1301
"6527",9109,9318,1287
"6528",9110,9318,1295
"6529",9111,9318,1299
"6530",9112,9318,1322
"6531",9113,9318,1329
"6532",9121,9318,964
"6533",9123,9318,974
"6534",9129,9318,470
"6535",9130,9318,342
"6536",9131,9318,423
"6537",9132,9318,637
"6538",9133,9318,457
"6539",9134,9318,344
"6540",9135,9318,432
"6541",9145,9318,1000
"6542",9146,9318,968
"6543",9147,9318,979
"6544",9148,9318,983
"6545",9149,9318,983
"6546",9150,9318,966
"6547",9163,9318,1008
"6548",9164,9318,1010
"6549",9165,9318,1024
"6550",9167,9318,988
"6551",9171,9318,989
"6552",9173,9318,1020
"6553",9178,9318,1024
"6554",9182,9318,991
"6555",9183,9318,982
"6556",9184,9318,991
"6557",9185,9318,975
"6558",9186,9318,989
"6559",9187,9318,986
"6560",9188,9318,1015
"6561",9189,9318,946
"6562",9190,9318,998
"6563",9191,9318,1027
"6564",9193,9318,1024
"6565",9201,9318,992
"6566",9204,9318,1041
"6567",9205,9318,1050
"6568",9208,9318,979
"6569",9213,9318,416
"6570",9214,9318,994
"6571",9215,9318,1014
"6572",9218,9318,1011
"6573",9219,9318,1050
"6574",9223,9318,994
"6575",9227,9318,414
"6576",9230,9318,979
"6577",9231,9318,1004
"6578",9233,9318,1015
"6579",9239,9318,1258
"6580",9240,9318,1277
"6581",9243,9318,1267
"6582",9247,9318,1273
"6583",9248,9318,1247
"6584",9274,9318,944
"6585",9279,9318,913
"6586",9283,9318,934
"6587",9289,9318,909
"6588",9290,9318,919
"6589",9291,9318,917
"6590",9292,9318,921
"6591",9294,9318,932
"6592",9295,9318,922
"6593",9297,9318,939
"6594",9298,9318,912
"6595",9301,9318,903
"6596",9303,9318,915
"6597",9304,9318,947
"6598",9309,9318,369
"6599",9313,9318,266
"6600",9317,9318,417
"6613",9107,9321,1272
"6614",9109,9321,1253
"6615",9110,9321,1260
"6616",9111,9321,1262
"6617",9112,9321,1285
"6618",9113,9321,1298
"6619",9121,9321,920
"6620",9123,9321,939
"6621",9129,9321,413
"6622",9130,9321,381
"6623",9131,9321,382
"6624",9132,9321,586
"6625",9133,9321,413
"6626",9134,9321,391
"6627",9135,9321,388
"6628",9145,9321,958
"6629",9146,9321,941
"6630",9147,9321,943
"6631",9148,9321,934
"6632",9149,9321,963
"6633",9150,9321,932
"6634",9163,9321,970
"6635",9164,9321,996
"6636",9165,9321,1003
"6637",9167,9321,967
"6638",9171,9321,959
"6639",9173,9321,1000
"6640",9178,9321,992
"6641",9182,9321,967
"6642",9183,9321,942
"6643",9184,9321,961
"6644",9185,9321,935
"6645",9186,9321,948
"6646",9187,9321,952
"6647",9188,9321,990
"6648",9189,9321,905
"6649",9190,9321,971
"6650",9191,9321,1009
"6651",9193,9321,1009
"6652",9201,9321,958
"6653",9204,9321,1022
"6654",9205,9321,1032
"6655",9208,9321,953
"6656",9213,9321,410
"6657",9214,9321,964
"6658",9215,9321,995
"6659",9218,9321,997
"6660",9219,9321,1029
"6661",9223,9321,979
"6662",9227,9321,400
"6663",9230,9321,938
"6664",9231,9321,964
"6665",9233,9321,972
"6666",9239,9321,1268
"6667",9240,9321,1269
"6668",9243,9321,1266
"6669",9247,9321,1275
"6670",9248,9321,1251
"6671",9274,9321,913
"6672",9279,9321,893
"6673",9283,9321,924
"6674",9289,9321,906
"6675",9290,9321,877
"6676",9291,9321,912
"6677",9292,9321,903
"6678",9294,9321,881
"6679",9295,9321,890
"6680",9297,9321,953
"6681",9298,9321,890
"6682",9301,9321,875
"6683",9303,9321,911
"6684",9304,9321,915
"6685",9309,9321,352
"6686",9313,9321,394
"6687",9317,9321,387
"6688",9318,9321,353
"6700",9107,9325,1300
"6701",9109,9325,1282
"6702",9110,9325,1285
"6703",9111,9325,1285
"6704",9112,9325,1320
"6705",9113,9325,1326
"6706",9121,9325,956
"6707",9123,9325,977
"6708",9129,9325,452
"6709",9130,9325,404
"6710",9131,9325,408
"6711",9132,9325,611
"6712",9133,9325,434
"6713",9134,9325,405
"6714",9135,9325,407
"6715",9145,9325,981
"6716",9146,9325,965
"6717",9147,9325,976
"6718",9148,9325,972
"6719",9149,9325,974
"6720",9150,9325,956
"6721",9163,9325,1004
"6722",9164,9325,1035
"6723",9165,9325,1040
"6724",9167,9325,1003
"6725",9171,9325,1002
"6726",9173,9325,1034
"6727",9178,9325,1019
"6728",9182,9325,1000
"6729",9183,9325,985
"6730",9184,9325,1003
"6731",9185,9325,978
"6732",9186,9325,985
"6733",9187,9325,992
"6734",9188,9325,1023
"6735",9189,9325,938
"6736",9190,9325,1017
"6737",9191,9325,1059
"6738",9193,9325,1043
"6739",9201,9325,1006
"6740",9204,9325,1043
"6741",9205,9325,1063
"6742",9208,9325,990
"6743",9213,9325,462
"6744",9214,9325,999
"6745",9215,9325,1027
"6746",9218,9325,1036
"6747",9219,9325,1058
"6748",9223,9325,1019
"6749",9227,9325,445
"6750",9230,9325,982
"6751",9231,9325,1001
"6752",9233,9325,1011
"6753",9239,9325,1295
"6754",9240,9325,1309
"6755",9243,9325,1294
"6756",9247,9325,1310
"6757",9248,9325,1286
"6758",9274,9325,945
"6759",9279,9325,942
"6760",9283,9325,965
"6761",9289,9325,945
"6762",9290,9325,922
"6763",9291,9325,959
"6764",9292,9325,936
"6765",9294,9325,927
"6766",9295,9325,934
"6767",9297,9325,992
"6768",9298,9325,939
"6769",9301,9325,922
"6770",9303,9325,918
"6771",9304,9325,938
"6772",9309,9325,246
"6773",9313,9325,441
"6774",9317,9325,440
"6775",9318,9325,395
"6776",9321,9325,322
"6787",9107,9327,1266
"6788",9109,9327,1264
"6789",9110,9327,1272
"6790",9111,9327,1273
"6791",9112,9327,1294
"6792",9113,9327,1293
"6793",9121,9327,984
"6794",9123,9327,996
"6795",9129,9327,977
"6796",9130,9327,1017
"6797",9131,9327,971
"6798",9132,9327,999
"6799",9133,9327,966
"6800",9134,9327,1005
"6801",9135,9327,1000
"6802",9145,9327,653
"6803",9146,9327,647
"6804",9147,9327,725
"6805",9148,9327,653
"6806",9149,9327,656
"6807",9150,9327,735
"6808",9163,9327,721
"6809",9164,9327,681
"6810",9165,9327,775
"6811",9167,9327,734
"6812",9171,9327,661
"6813",9173,9327,633
"6814",9178,9327,770
"6815",9182,9327,664
"6816",9183,9327,314
"6817",9184,9327,477
"6818",9185,9327,453
"6819",9186,9327,388
"6820",9187,9327,495
"6821",9188,9327,676
"6822",9189,9327,307
"6823",9190,9327,771
"6824",9191,9327,788
"6825",9193,9327,767
"6826",9201,9327,753
"6827",9204,9327,681
"6828",9205,9327,686
"6829",9208,9327,658
"6830",9213,9327,1028
"6831",9214,9327,651
"6832",9215,9327,767
"6833",9218,9327,696
"6834",9219,9327,715
"6835",9223,9327,758
"6836",9227,9327,1020
"6837",9230,9327,968
"6838",9231,9327,730
"6839",9233,9327,667
"6840",9239,9327,1245
"6841",9240,9327,1270
"6842",9243,9327,1208
"6843",9247,9327,1235
"6844",9248,9327,1230
"6845",9274,9327,939
"6846",9279,9327,896
"6847",9283,9327,904
"6848",9289,9327,889
"6849",9290,9327,935
"6850",9291,9327,893
"6851",9292,9327,910
"6852",9294,9327,935
"6853",9295,9327,928
"6854",9297,9327,930
"6855",9298,9327,906
"6856",9301,9327,908
"6857",9303,9327,929
"6858",9304,9327,949
"6859",9309,9327,919
"6860",9313,9327,959
"6861",9317,9327,926
"6862",9318,9327,939
"6863",9321,9327,933
"6864",9325,9327,961
"6874",9107,9333,1292
"6875",9109,9333,1283
"6876",9110,9333,1289
"6877",9111,9333,1303
"6878",9112,9333,1305
"6879",9113,9333,1318
"6880",9121,9333,992
"6881",9123,9333,1009
"6882",9129,9333,981
"6883",9130,9333,1005
"6884",9131,9333,973
"6885",9132,9333,1011
"6886",9133,9333,970
"6887",9134,9333,1005
"6888",9135,9333,1005
"6889",9145,9333,747
"6890",9146,9333,736
"6891",9147,9333,619
"6892",9148,9333,730
"6893",9149,9333,746
"6894",9150,9333,622
"6895",9163,9333,736
"6896",9164,9333,762
"6897",9165,9333,227
"6898",9167,9333,221
"6899",9171,9333,738
"6900",9173,9333,754
"6901",9178,9333,764
"6902",9182,9333,731
"6903",9183,9333,719
"6904",9184,9333,731
"6905",9185,9333,717
"6906",9186,9333,716
"6907",9187,9333,746
"6908",9188,9333,763
"6909",9189,9333,696
"6910",9190,9333,642
"6911",9191,9333,241
"6912",9193,9333,770
"6913",9201,9333,634
"6914",9204,9333,809
"6915",9205,9333,797
"6916",9208,9333,735
"6917",9213,9333,1022
"6918",9214,9333,718
"6919",9215,9333,768
"6920",9218,9333,769
"6921",9219,9333,790
"6922",9223,9333,648
"6923",9227,9333,1023
"6924",9230,9333,977
"6925",9231,9333,753
"6926",9233,9333,756
"6927",9239,9333,1269
"6928",9240,9333,1290
"6929",9243,9333,1254
"6930",9247,9333,1273
"6931",9248,9333,1248
"6932",9274,9333,958
"6933",9279,9333,941
"6934",9283,9333,966
"6935",9289,9333,942
"6936",9290,9333,947
"6937",9291,9333,951
"6938",9292,9333,943
"6939",9294,9333,945
"6940",9295,9333,949
"6941",9297,9333,976
"6942",9298,9333,944
"6943",9301,9333,931
"6944",9303,9333,941
"6945",9304,9333,963
"6946",9309,9333,964
"6947",9313,9333,976
"6948",9317,9333,986
"6949",9318,9333,938
"6950",9321,9333,939
"6951",9325,9333,971
"6952",9327,9333,686
"6961",9107,9335,1324
"6962",9109,9335,1306
"6963",9110,9335,1324
"6964",9111,9335,1336
"6965",9112,9335,1341
"6966",9113,9335,1349
"6967",9121,9335,1033
"6968",9123,9335,1041
"6969",9129,9335,1018
"6970",9130,9335,1031
"6971",9131,9335,1013
"6972",9132,9335,1037
"6973",9133,9335,995
"6974",9134,9335,1034
"6975",9135,9335,1024
"6976",9145,9335,795
"6977",9146,9335,784
"6978",9147,9335,674
"6979",9148,9335,788
"6980",9149,9335,783
"6981",9150,9335,678
"6982",9163,9335,779
"6983",9164,9335,805
"6984",9165,9335,286
"6985",9167,9335,289
"6986",9171,9335,789
"6987",9173,9335,790
"6988",9178,9335,817
"6989",9182,9335,784
"6990",9183,9335,766
"6991",9184,9335,778
"6992",9185,9335,769
"6993",9186,9335,763
"6994",9187,9335,786
"6995",9188,9335,808
"6996",9189,9335,735
"6997",9190,9335,686
"6998",9191,9335,287
"6999",9193,9335,806
"7000",9201,9335,676
"7001",9204,9335,839
"7002",9205,9335,829
"7003",9208,9335,783
"7004",9213,9335,1048
"7005",9214,9335,765
"7006",9215,9335,802
"7007",9218,9335,807
"7008",9219,9335,841
"7009",9223,9335,682
"7010",9227,9335,1047
"7011",9230,9335,1027
"7012",9231,9335,790
"7013",9233,9335,806
"7014",9239,9335,1280
"7015",9240,9335,1314
"7016",9243,9335,1273
"7017",9247,9335,1261
"7018",9248,9335,1238
"7019",9274,9335,986
"7020",9279,9335,944
"7021",9283,9335,958
"7022",9289,9335,955
"7023",9290,9335,992
"7024",9291,9335,919
"7025",9292,9335,963
"7026",9294,9335,996
"7027",9295,9335,994
"7028",9297,9335,941
"7029",9298,9335,977
"7030",9301,9335,967
"7031",9303,9335,972
"7032",9304,9335,1008
"7033",9309,9335,949
"7034",9313,9335,951
"7035",9317,9335,935
"7036",9318,9335,950
"7037",9321,9335,972
"7038",9325,9335,1008
"7039",9327,9335,678
"7040",9333,9335,175
"7048",9107,9337,1296
"7049",9109,9337,1283
"7050",9110,9337,1281
"7051",9111,9337,1292
"7052",9112,9337,1322
"7053",9113,9337,1330
"7054",9121,9337,1006
"7055",9123,9337,1008
"7056",9129,9337,975
"7057",9130,9337,1003
"7058",9131,9337,988
"7059",9132,9337,997
"7060",9133,9337,963
"7061",9134,9337,985
"7062",9135,9337,999
"7063",9145,9337,396
"7064",9146,9337,391
"7065",9147,9337,743
"7066",9148,9337,660
"7067",9149,9337,410
"7068",9150,9337,718
"7069",9163,9337,745
"7070",9164,9337,683
"7071",9165,9337,791
"7072",9167,9337,756
"7073",9171,9337,648
"7074",9173,9337,669
"7075",9178,9337,772
"7076",9182,9337,678
"7077",9183,9337,639
"7078",9184,9337,633
"7079",9185,9337,621
"7080",9186,9337,639
"7081",9187,9337,647
"7082",9188,9337,695
"7083",9189,9337,590
"7084",9190,9337,757
"7085",9191,9337,805
"7086",9193,9337,790
"7087",9201,9337,748
"7088",9204,9337,701
"7089",9205,9337,703
"7090",9208,9337,668
"7091",9213,9337,1022
"7092",9214,9337,678
"7093",9215,9337,765
"7094",9218,9337,686
"7095",9219,9337,743
"7096",9223,9337,765
"7097",9227,9337,1007
"7098",9230,9337,996
"7099",9231,9337,740
"7100",9233,9337,516
"7101",9239,9337,1281
"7102",9240,9337,1280
"7103",9243,9337,1273
"7104",9247,9337,1278
"7105",9248,9337,1264
"7106",9274,9337,972
"7107",9279,9337,943
"7108",9283,9337,974
"7109",9289,9337,954
"7110",9290,9337,951
"7111",9291,9337,964
"7112",9292,9337,949
"7113",9294,9337,953
"7114",9295,9337,949
"7115",9297,9337,994
"7116",9298,9337,951
"7117",9301,9337,940
"7118",9303,9337,949
"7119",9304,9337,975
"7120",9309,9337,955
"7121",9313,9337,978
"7122",9317,9337,985
"7123",9318,9337,942
"7124",9321,9337,930
"7125",9325,9337,959
"7126",9327,9337,602
"7127",9333,9337,702
"7128",9335,9337,745
"7135",9107,9339,1326
"7136",9109,9339,1306
"7137",9110,9339,1311
"7138",9111,9339,1315
"7139",9112,9339,1326
"7140",9113,9339,1334
"7141",9121,9339,1040
"7142",9123,9339,1061
"7143",9129,9339,1039
"7144",9130,9339,1061
"7145",9131,9339,1031
"7146",9132,9339,1067
"7147",9133,9339,1028
"7148",9134,9339,1049
"7149",9135,9339,1052
"7150",9145,9339,791
"7151",9146,9339,782
"7152",9147,9339,675
"7153",9148,9339,776
"7154",9149,9339,804
"7155",9150,9339,561
"7156",9163,9339,790
"7157",9164,9339,833
"7158",9165,9339,720
"7159",9167,9339,680
"7160",9171,9339,812
"7161",9173,9339,826
"7162",9178,9339,842
"7163",9182,9339,809
"7164",9183,9339,796
"7165",9184,9339,811
"7166",9185,9339,785
"7167",9186,9339,795
"7168",9187,9339,833
"7169",9188,9339,848
"7170",9189,9339,773
"7171",9190,9339,715
"7172",9191,9339,735
"7173",9193,9339,837
"7174",9201,9339,599
"7175",9204,9339,858
"7176",9205,9339,868
"7177",9208,9339,810
"7178",9213,9339,1101
"7179",9214,9339,794
"7180",9215,9339,825
"7181",9218,9339,843
"7182",9219,9339,844
"7183",9223,9339,724
"7184",9227,9339,1082
"7185",9230,9339,1053
"7186",9231,9339,791
"7187",9233,9339,808
"7188",9239,9339,1325
"7189",9240,9339,1326
"7190",9243,9339,1295
"7191",9247,9339,1319
"7192",9248,9339,1310
"7193",9274,9339,1049
"7194",9279,9339,1029
"7195",9283,9339,1048
"7196",9289,9339,1035
"7197",9290,9339,1031
"7198",9291,9339,1037
"7199",9292,9339,1025
"7200",9294,9339,1024
"7201",9295,9339,1026
"7202",9297,9339,1071
"7203",9298,9339,1033
"7204",9301,9339,1015
"7205",9303,9339,1028
"7206",9304,9339,1047
"7207",9309,9339,1047
"7208",9313,9339,1073
"7209",9317,9339,1058
"7210",9318,9339,1038
"7211",9321,9339,1022
"7212",9325,9339,1051
"7213",9327,9339,773
"7214",9333,9339,650
"7215",9335,9339,697
"7216",9337,9339,797
"7222",9107,9342,1293
"7223",9109,9342,1296
"7224",9110,9342,1304
"7225",9111,9342,1297
"7226",9112,9342,1307
"7227",9113,9342,1325
"7228",9121,9342,1000
"7229",9123,9342,1011
"7230",9129,9342,997
"7231",9130,9342,1026
"7232",9131,9342,992
"7233",9132,9342,1012
"7234",9133,9342,983
"7235",9134,9342,1014
"7236",9135,9342,1008
"7237",9145,9342,688
"7238",9146,9342,690
"7239",9147,9342,748
"7240",9148,9342,672
"7241",9149,9342,694
"7242",9150,9342,738
"7243",9163,9342,731
"7244",9164,9342,718
"7245",9165,9342,789
"7246",9167,9342,746
"7247",9171,9342,697
"7248",9173,9342,700
"7249",9178,9342,787
"7250",9182,9342,680
"7251",9183,9342,665
"7252",9184,9342,679
"7253",9185,9342,661
"7254",9186,9342,669
"7255",9187,9342,686
"7256",9188,9342,704
"7257",9189,9342,641
"7258",9190,9342,764
"7259",9191,9342,782
"7260",9193,9342,774
"7261",9201,9342,749
"7262",9204,9342,747
"7263",9205,9342,745
"7264",9208,9342,673
"7265",9213,9342,1034
"7266",9214,9342,487
"7267",9215,9342,775
"7268",9218,9342,714
"7269",9219,9342,546
"7270",9223,9342,765
"7271",9227,9342,1018
"7272",9230,9342,987
"7273",9231,9342,727
"7274",9233,9342,702
"7275",9239,9342,1256
"7276",9240,9342,1278
"7277",9243,9342,1243
"7278",9247,9342,1235
"7279",9248,9342,1232
"7280",9274,9342,955
"7281",9279,9342,916
"7282",9283,9342,936
"7283",9289,9342,929
"7284",9290,9342,955
"7285",9291,9342,916
"7286",9292,9342,938
"7287",9294,9342,952
"7288",9295,9342,953
"7289",9297,9342,935
"7290",9298,9342,944
"7291",9301,9342,935
"7292",9303,9342,946
"7293",9304,9342,979
"7294",9309,9342,954
"7295",9313,9342,969
"7296",9317,9342,965
"7297",9318,9342,951
"7298",9321,9342,954
"7299",9325,9342,990
"7300",9327,9342,601
"7301",9333,9342,686
"7302",9335,9342,684
"7303",9337,9342,642
"7304",9339,9342,781
"7309",9107,9343,1259
"7310",9109,9343,1248
"7311",9110,9343,1254
"7312",9111,9343,1261
"7313",9112,9343,1287
"7314",9113,9343,1309
"7315",9121,9343,966
"7316",9123,9343,985
"7317",9129,9343,938
"7318",9130,9343,969
"7319",9131,9343,946
"7320",9132,9343,964
"7321",9133,9343,929
"7322",9134,9343,968
"7323",9135,9343,964
"7324",9145,9343,693
"7325",9146,9343,687
"7326",9147,9343,289
"7327",9148,9343,681
"7328",9149,9343,701
"7329",9150,9343,565
"7330",9163,9343,690
"7331",9164,9343,712
"7332",9165,9343,628
"7333",9167,9343,600
"7334",9171,9343,697
"7335",9173,9343,735
"7336",9178,9343,721
"7337",9182,9343,686
"7338",9183,9343,689
"7339",9184,9343,696
"7340",9185,9343,663
"7341",9186,9343,693
"7342",9187,9343,699
"7343",9188,9343,713
"7344",9189,9343,642
"7345",9190,9343,309
"7346",9191,9343,645
"7347",9193,9343,748
"7348",9201,9343,588
"7349",9204,9343,759
"7350",9205,9343,774
"7351",9208,9343,675
"7352",9213,9343,984
"7353",9214,9343,699
"7354",9215,9343,719
"7355",9218,9343,728
"7356",9219,9343,757
"7357",9223,9343,317
"7358",9227,9343,961
"7359",9230,9343,945
"7360",9231,9343,686
"7361",9233,9343,692
"7362",9239,9343,1241
"7363",9240,9343,1242
"7364",9243,9343,1227
"7365",9247,9343,1225
"7366",9248,9343,1204
"7367",9274,9343,941
"7368",9279,9343,903
"7369",9283,9343,926
"7370",9289,9343,896
"7371",9290,9343,926
"7372",9291,9343,912
"7373",9292,9343,896
"7374",9294,9343,918
"7375",9295,9343,906
"7376",9297,9343,943
"7377",9298,9343,897
"7378",9301,9343,892
"7379",9303,9343,920
"7380",9304,9343,938
"7381",9309,9343,910
"7382",9313,9343,941
"7383",9317,9343,911
"7384",9318,9343,912
"7385",9321,9343,888
"7386",9325,9343,938
"7387",9327,9343,643
"7388",9333,9343,548
"7389",9335,9343,579
"7390",9337,9343,654
"7391",9339,9343,633
"7392",9342,9343,636
"7396",9107,9348,1274
"7397",9109,9348,1282
"7398",9110,9348,1295
"7399",9111,9348,1286
"7400",9112,9348,1293
"7401",9113,9348,1310
"7402",9121,9348,972
"7403",9123,9348,983
"7404",9129,9348,964
"7405",9130,9348,1004
"7406",9131,9348,961
"7407",9132,9348,993
"7408",9133,9348,958
"7409",9134,9348,993
"7410",9135,9348,995
"7411",9145,9348,663
"7412",9146,9348,665
"7413",9147,9348,715
"7414",9148,9348,651
"7415",9149,9348,671
"7416",9150,9348,711
"7417",9163,9348,702
"7418",9164,9348,689
"7419",9165,9348,757
"7420",9167,9348,718
"7421",9171,9348,661
"7422",9173,9348,679
"7423",9178,9348,751
"7424",9182,9348,657
"7425",9183,9348,635
"7426",9184,9348,653
"7427",9185,9348,636
"7428",9186,9348,643
"7429",9187,9348,664
"7430",9188,9348,679
"7431",9189,9348,612
"7432",9190,9348,735
"7433",9191,9348,752
"7434",9193,9348,746
"7435",9201,9348,718
"7436",9204,9348,722
"7437",9205,9348,719
"7438",9208,9348,648
"7439",9213,9348,1009
"7440",9214,9348,464
"7441",9215,9348,741
"7442",9218,9348,682
"7443",9219,9348,527
"7444",9223,9348,737
"7445",9227,9348,998
"7446",9230,9348,973
"7447",9231,9348,702
"7448",9233,9348,675
"7449",9239,9348,1266
"7450",9240,9348,1269
"7451",9243,9348,1237
"7452",9247,9348,1223
"7453",9248,9348,1229
"7454",9274,9348,954
"7455",9279,9348,909
"7456",9283,9348,919
"7457",9289,9348,905
"7458",9290,9348,942
"7459",9291,9348,907
"7460",9292,9348,918
"7461",9294,9348,938
"7462",9295,9348,931
"7463",9297,9348,935
"7464",9298,9348,911
"7465",9301,9348,915
"7466",9303,9348,929
"7467",9304,9348,956
"7468",9309,9348,946
"7469",9313,9348,974
"7470",9317,9348,938
"7471",9318,9348,937
"7472",9321,9348,927
"7473",9325,9348,970
"7474",9327,9348,571
"7475",9333,9348,683
"7476",9335,9348,687
"7477",9337,9348,630
"7478",9339,9348,764
"7479",9342,9348,190
"7480",9343,9348,614
"7483",9107,9352,1312
"7484",9109,9352,1301
"7485",9110,9352,1314
"7486",9111,9352,1319
"7487",9112,9352,1328
"7488",9113,9352,1338
"7489",9121,9352,1010
"7490",9123,9352,1019
"7491",9129,9352,996
"7492",9130,9352,1039
"7493",9131,9352,990
"7494",9132,9352,1025
"7495",9133,9352,991
"7496",9134,9352,1021
"7497",9135,9352,1022
"7498",9145,9352,689
"7499",9146,9352,690
"7500",9147,9352,750
"7501",9148,9352,660
"7502",9149,9352,697
"7503",9150,9352,741
"7504",9163,9352,746
"7505",9164,9352,721
"7506",9165,9352,801
"7507",9167,9352,754
"7508",9171,9352,700
"7509",9173,9352,699
"7510",9178,9352,796
"7511",9182,9352,684
"7512",9183,9352,674
"7513",9184,9352,679
"7514",9185,9352,662
"7515",9186,9352,668
"7516",9187,9352,695
"7517",9188,9352,706
"7518",9189,9352,646
"7519",9190,9352,776
"7520",9191,9352,800
"7521",9193,9352,793
"7522",9201,9352,760
"7523",9204,9352,750
"7524",9205,9352,745
"7525",9208,9352,681
"7526",9213,9352,1053
"7527",9214,9352,495
"7528",9215,9352,791
"7529",9218,9352,710
"7530",9219,9352,361
"7531",9223,9352,772
"7532",9227,9352,1034
"7533",9230,9352,1001
"7534",9231,9352,741
"7535",9233,9352,713
"7536",9239,9352,1300
"7537",9240,9352,1303
"7538",9243,9352,1267
"7539",9247,9352,1267
"7540",9248,9352,1254
"7541",9274,9352,984
"7542",9279,9352,950
"7543",9283,9352,967
"7544",9289,9352,942
"7545",9290,9352,969
"7546",9291,9352,957
"7547",9292,9352,938
"7548",9294,9352,965
"7549",9295,9352,955
"7550",9297,9352,979
"7551",9298,9352,949
"7552",9301,9352,943
"7553",9303,9352,959
"7554",9304,9352,988
"7555",9309,9352,981
"7556",9313,9352,1003
"7557",9317,9352,979
"7558",9318,9352,973
"7559",9321,9352,966
"7560",9325,9352,998
"7561",9327,9352,618
"7562",9333,9352,709
"7563",9335,9352,734
"7564",9337,9352,650
"7565",9339,9352,787
"7566",9342,9352,432
"7567",9343,9352,645
"7568",9348,9352,409
